Sample Number,Name,Depth From,Depth To,X,Y,Z,Length,Al2O3,Fe,Fe (raw + gaussian),final lithology,final lithology-sel[Rich ore],final lithology-sel[Poor ore],Indicator rich ore,Mn,P,SiO2
1,Line#1,0,19.15,1400.00,-195.00,794.63,19.15,1.16,66.18,-0.24,Rich ore,1,0,1.00,0.11,0.11,0.53
2,Line#1,19.15,40.24,1400.00,-195.00,774.51,21.09,,34.92,,Poor ore,0,1,0.00,0.41,0.13,
3,Line#1,40.24,55.24,1400.00,-195.00,756.47,15,0.64,68.77,2.23,Rich ore,1,0,1.00,0.18,0.02,0.24
4,Line#1,55.24,70.24,1400.00,-195.00,741.47,15,0.52,68.65,1.96,Rich ore,1,0,1.00,0.24,0.01,0.28
5,Line#1,70.24,85.24,1400.00,-195.00,726.47,15,0.95,67.89,0.87,Rich ore,1,0,1.00,0.35,0.02,0.30
6,Line#1,85.24,100.89,1400.00,-195.00,711.14,15.65,0.76,67.92,0.92,Rich ore,1,0,1.00,0.42,0.02,0.36
7,Line#1,100.89,103.19,1400.00,-195.00,702.17,2.3,,,,,0,0,,,,
8,Line#1,103.19,118.24,1400.00,-195.00,693.50,15.05,1.63,64.36,-0.92,Rich ore,1,0,1.00,1.90,0.04,0.59
9,Line#1,118.24,133.24,1400.00,-195.00,678.47,15,15.40,28.95,,Poor ore,0,1,0.00,1.15,0.04,20.50
10,Line#1,133.24,144.46,1400.00,-195.00,665.36,11.22,,14.30,,Poor ore,0,1,0.00,0.46,0.01,
11,Line#2,0,15,1003.00,187.26,674.20,15,0.94,64.56,-0.87,Rich ore,1,0,1.00,0.09,0.26,0.54
12,Line#2,15,26.2322,1003.00,180.72,662.83,11.2322,0.89,65.63,-0.47,Rich ore,1,0,1.00,0.06,0.20,0.30
13,Line#2,26.2322,27.764,1003.00,177.54,657.30,1.53183,,,,,0,0,,,,
14,Line#2,27.764,33.5874,1003.00,175.71,654.11,5.82345,,,,Rich ore,1,0,1.00,,,
15,Line#2,33.5874,34.5909,1003.00,174.01,651.15,1.00344,,,,,0,0,,,,
16,Line#2,34.5909,42.6631,1003.00,171.74,647.22,8.0722,0.64,68.01,1.02,Rich ore,1,0,1.00,0.06,0.06,0.76
17,Line#2,42.6631,44.1279,1003.00,169.37,643.08,1.46485,,,,,0,0,,,,
18,Line#2,44.1279,49.4763,1003.00,167.67,640.13,5.34839,,,,Rich ore,1,0,1.00,,,
19,Line#2,49.4763,50.9995,1003.00,165.95,637.15,1.52315,,,,,0,0,,,,
20,Line#2,50.9995,54.6101,1003.00,164.67,634.93,3.61066,,,,Rich ore,1,0,1.00,,,
21,Line#2,54.6101,54.8074,1003.00,163.73,633.28,0.197231,,,,,0,0,,,,
22,Line#2,54.8074,61.0873,1003.00,162.11,630.47,6.27988,,,,Rich ore,1,0,1.00,,,
23,Line#2,61.0873,62.0907,1003.00,160.30,627.31,1.00344,,,,,0,0,,,,
24,Line#2,62.0907,68.2639,1003.00,158.51,624.20,6.17325,,,,Rich ore,1,0,1.00,,,
25,Line#2,68.2639,69.8764,1003.00,156.57,620.83,1.61245,,,,,0,0,,,,
26,Line#2,69.8764,89.4876,1003.00,151.28,611.63,19.6112,0.80,67.83,0.80,Rich ore,1,0,1.00,0.24,0.02,0.77
27,Line#2,89.4876,92.6282,1003.00,145.60,601.77,3.14059,,,,,0,0,,,,
28,Line#2,92.6282,94.263,1003.00,144.41,599.70,1.63478,,,,Rich ore,1,0,1.00,,,
29,Line#2,94.263,95.7861,1003.00,143.63,598.33,1.52315,,,,,0,0,,,,
30,Line#2,95.7861,102.147,1003.00,141.66,594.91,6.36052,,,,Rich ore,1,0,1.00,,,
31,Line#2,102.147,102.211,1003.00,140.06,592.13,0.064031,,,,,0,0,,,,
32,Line#2,102.211,103.778,1003.00,139.65,591.42,1.5678,,,,Rich ore,1,0,1.00,,,
33,Line#2,103.778,105.31,1003.00,138.88,590.08,1.53183,,,,,0,0,,,,
34,Line#2,105.31,120.31,1003.00,134.76,582.91,15,0.63,68.40,1.47,Rich ore,1,0,1.00,0.19,0.01,0.77
35,Line#2,120.31,133.513,1003.00,127.73,570.69,13.2031,0.63,67.30,0.37,Rich ore,1,0,1.00,0.20,0.01,1.26
36,Line#2,133.513,134.114,1003.00,124.29,564.71,0.600334,,,,,0,0,,,,
37,Line#2,134.114,152.045,1003.00,119.67,556.67,17.9318,2.11,66.60,-0.03,Rich ore,1,0,1.00,0.23,0.02,1.04
38,Line#2,152.045,153.577,1003.00,114.82,548.24,1.53183,,,,,0,0,,,,
39,Line#2,153.577,164.113,1003.00,111.81,543.01,10.5355,1.69,66.46,-0.13,Rich ore,1,0,1.00,0.59,0.02,0.49
40,Line#2,164.113,171.751,1003.00,107.28,535.13,7.6381,,,,,0,0,,,,
41,Line#3,0,1.7,1007.00,-193.00,774.84,1.7,,,,Rich ore,1,0,1.00,,,
42,Line#3,1.7,1.92,1007.00,-193.00,773.88,0.22,,,,,0,0,,,,
43,Line#3,1.92,4,1007.00,-193.00,772.73,2.08,,,,Rich ore,1,0,1.00,,,
44,Line#3,4,4.4,1007.00,-193.00,771.49,0.4,,,,,0,0,,,,
45,Line#3,4.4,19.68,1007.00,-193.00,763.65,15.28,1.83,67.08,0.23,Rich ore,1,0,1.00,0.08,0.02,0.30
46,Line#3,19.68,20.28,1007.00,-193.00,755.71,0.6,,,,,0,0,,,,
47,Line#3,20.28,35.28,1007.00,-193.00,747.91,15,1.47,67.33,0.40,Rich ore,1,0,1.00,0.10,0.02,0.60
48,Line#3,35.28,44.74,1007.00,-193.00,735.68,9.46,1.87,67.02,0.19,Rich ore,1,0,1.00,0.10,0.02,0.56
49,Line#3,44.74,50.09,1007.00,-193.00,728.28,5.35,,,,Poor ore,0,1,0.00,,,
50,Line#3,50.09,65.09,1007.00,-193.00,718.10,15,1.54,66.80,0.05,Rich ore,1,0,1.00,0.36,0.02,0.36
51,Line#3,65.09,80.09,1007.00,-193.00,703.10,15,0.83,68.40,1.48,Rich ore,1,0,1.00,0.09,0.02,0.41
52,Line#3,80.09,95.21,1007.00,-193.00,688.04,15.12,0.69,67.96,0.96,Rich ore,1,0,1.00,0.33,0.02,0.49
53,Line#3,95.21,95.71,1007.00,-193.00,680.23,0.5,,,,,0,0,,,,
54,Line#3,95.71,100.36,1007.00,-193.00,677.66,4.65,,,,Rich ore,1,0,1.00,,,
55,Line#3,100.36,101.36,1007.00,-193.00,674.83,1,,,,Poor ore,0,1,0.00,,,
56,Line#3,101.36,115.19,1007.00,-193.00,667.42,13.83,0.81,68.19,1.22,Rich ore,1,0,1.00,0.32,0.01,0.31
57,Line#3,115.19,116.69,1007.00,-193.00,659.75,1.5,,,,,0,0,,,,
58,Line#3,116.69,118.49,1007.00,-193.00,658.10,1.8,,,,Rich ore,1,0,1.00,,,
59,Line#3,118.49,119.64,1007.00,-193.00,656.63,1.15,,,,,0,0,,,,
60,Line#3,119.64,128.41,1007.00,-193.00,651.67,8.77,1.55,66.15,-0.25,Rich ore,1,0,1.00,0.42,0.02,1.63
61,Line#3,128.41,128.91,1007.00,-193.00,647.03,0.5,,,,,0,0,,,,
62,Line#3,128.91,130.52,1007.00,-193.00,645.98,1.61,,,,Rich ore,1,0,1.00,,,
63,Line#3,130.52,145.52,1007.00,-193.00,637.67,15,,20.23,,Poor ore,0,1,0.00,0.85,0.03,
64,Line#3,145.52,158.24,1007.00,-193.00,623.81,12.72,,10.20,,Poor ore,0,1,0.00,0.50,0.02,
65,Line#4,0,19.0691,1400.00,192.25,696.01,19.0691,0.73,66.09,-0.29,Rich ore,1,0,1.00,0.06,0.17,0.34
66,Line#4,19.0691,20.5786,1400.00,187.13,687.09,1.5095,,,,,0,0,,,,
67,Line#4,20.5786,35.4554,1400.00,183.05,679.98,14.8768,0.42,68.36,1.41,Rich ore,1,0,1.00,0.06,0.04,0.62
68,Line#4,35.4554,37.2651,1400.00,178.90,672.74,1.80967,,,,,0,0,,,,
69,Line#4,37.2651,52.2651,1400.00,174.72,665.45,15,0.32,68.61,1.87,Rich ore,1,0,1.00,0.08,0.01,0.79
70,Line#4,52.2651,67.2651,1400.00,167.25,652.44,15,0.54,68.15,1.13,Rich ore,1,0,1.00,0.08,0.01,1.18
71,Line#4,67.2651,82.2651,1400.00,159.79,639.44,15,0.49,68.16,1.18,Rich ore,1,0,1.00,0.09,0.02,1.31
72,Line#4,82.2651,92.0948,1400.00,153.61,628.67,9.82972,1.22,67.78,0.76,Rich ore,1,0,1.00,0.11,0.01,0.74
73,Line#4,92.0948,92.7038,1400.00,151.01,624.14,0.609016,,,,,0,0,,,,
74,Line#4,92.7038,101.587,1400.00,148.65,620.02,8.88341,1.08,67.46,0.49,Rich ore,1,0,1.00,0.14,0.02,0.85
75,Line#4,101.587,104.7,1400.00,145.66,614.82,3.11328,,,,,0,0,,,,
76,Line#4,104.7,124.289,1400.00,140.01,604.98,19.5888,0.55,67.89,0.87,Rich ore,1,0,1.00,0.08,0.02,1.50
77,Line#4,124.289,124.993,1400.00,134.96,596.18,0.703278,,,,,0,0,,,,
78,Line#4,124.993,137.19,1400.00,131.75,590.58,12.1976,0.72,66.51,-0.10,Rich ore,1,0,1.00,0.14,0.02,2.78
79,Line#4,137.19,152.19,1400.00,124.98,578.79,15,,15.33,,Poor ore,0,1,0.00,10.24,0.02,
80,Line#4,152.19,167.19,1400.00,117.51,565.78,15,,9.40,,Poor ore,0,1,0.00,12.00,0.02,
81,Line#4,167.19,182.19,1400.00,110.05,552.77,15,,9.40,,Poor ore,0,1,0.00,12.00,0.02,
82,Line#4,182.19,197.19,1400.00,102.58,539.76,15,,9.40,,Poor ore,0,1,0.00,12.00,0.02,
83,Line#4,197.19,212.19,1400.00,95.11,526.75,15,,9.40,,Poor ore,0,1,0.00,12.00,0.02,
84,Line#4,212.19,227.19,1400.00,87.65,513.74,15,,9.40,,Poor ore,0,1,0.00,12.00,0.02,
85,Line#4,227.19,242.19,1400.00,80.18,500.73,15,,9.40,,Poor ore,0,1,0.00,12.00,0.02,
86,Line#4,242.19,258.169,1400.00,72.47,487.30,15.9788,,9.40,,Poor ore,0,1,0.00,12.00,0.02,
87,Line#5,0,16.4422,1714.11,406.00,681.11,16.4422,1.69,65.48,-0.51,Rich ore,1,0,1.00,0.12,0.19,0.50
88,Line#5,16.4422,17.7372,1718.55,406.00,673.43,1.29495,,,,,0,0,,,,
89,Line#5,17.7372,32.7372,1722.62,406.00,666.37,15,0.82,67.72,0.69,Rich ore,1,0,1.00,0.15,0.04,0.70
90,Line#5,32.7372,47.7372,1730.12,406.00,653.38,15,0.61,67.81,0.79,Rich ore,1,0,1.00,0.22,0.03,0.67
91,Line#5,47.7372,62.7372,1737.62,406.00,640.39,15,0.45,68.17,1.19,Rich ore,1,0,1.00,0.29,0.03,0.63
92,Line#5,62.7372,77.7372,1745.12,406.00,627.40,15,1.29,66.76,0.04,Rich ore,1,0,1.00,0.23,0.02,1.35
93,Line#5,77.7372,97.4216,1753.79,406.00,612.39,19.6844,0.73,67.41,0.45,Rich ore,1,0,1.00,0.20,0.03,1.56
94,Line#5,97.4216,99.9172,1759.34,406.00,602.78,2.49562,,,,,0,0,,,,
95,Line#5,99.9172,110.437,1762.59,406.00,597.15,10.5195,0.70,67.96,0.95,Rich ore,1,0,1.00,0.15,0.02,1.16
96,Line#5,110.437,113.483,1765.98,406.00,591.27,3.04631,,,,,0,0,,,,
97,Line#5,113.483,119.478,1768.24,406.00,587.36,5.99468,,,,Rich ore,1,0,1.00,,,
98,Line#5,119.478,122.479,1770.49,406.00,583.46,3.00167,,,,,0,0,,,,
99,Line#5,122.479,126.673,1772.29,406.00,580.35,4.19368,,,,Rich ore,1,0,1.00,,,
100,Line#5,126.673,127.34,1773.51,406.00,578.24,0.667308,,,,Poor ore,0,1,0.00,,,
101,Line#5,127.34,144.858,1778.05,406.00,570.37,17.5176,1.03,67.65,0.63,Rich ore,1,0,1.00,0.13,0.02,1.12
102,Line#5,144.858,146.359,1782.81,406.00,562.13,1.50083,,,,,0,0,,,,
103,Line#5,146.359,161.058,1786.86,406.00,555.12,14.6995,0.65,68.39,1.46,Rich ore,1,0,1.00,0.17,0.02,0.70
104,Line#5,161.058,161.081,1790.54,406.00,548.74,0.022361,,,,,0,0,,,,
105,Line#5,161.081,169.96,1792.77,406.00,544.89,8.87974,1.44,66.20,-0.24,Rich ore,1,0,1.00,0.26,0.02,2.37
106,Line#5,169.96,174.924,1796.23,406.00,538.89,4.96391,,,,,0,0,,,,
107,Line#5,174.924,191.936,1801.72,406.00,529.38,17.0116,1.14,66.86,0.10,Rich ore,1,0,1.00,0.46,0.02,1.24
108,Line#5,191.936,193.437,1806.35,406.00,521.36,1.50083,,,,,0,0,,,,
109,Line#5,193.437,194.938,1807.10,406.00,520.06,1.50083,,,,Rich ore,1,0,1.00,,,
110,Line#5,194.938,196.438,1807.85,406.00,518.76,1.50083,,,,,0,0,,,,
111,Line#5,196.438,200.143,1809.15,406.00,516.51,3.70494,,,,Rich ore,1,0,1.00,,,
112,Line#5,200.143,203.042,1810.80,406.00,513.65,2.89872,,,,Poor ore,0,1,0.00,,,
113,Line#6,0,0.7,2098.00,800.00,726.27,0.7,,,,,0,0,,,,
114,Line#6,0.7,9.72,2098.00,800.00,721.41,9.02,0.83,65.25,-0.59,Rich ore,1,0,1.00,0.08,0.17,0.45
115,Line#6,9.72,14.15,2098.00,800.00,714.68,4.43,,,,,0,0,,,,
116,Line#6,14.15,35.8,2098.00,800.00,701.64,21.65,0.99,59.06,-1.73,Rich ore,1,0,1.00,3.10,0.07,0.74
117,Line#6,35.8,38.2,2098.00,800.00,689.62,2.4,,,,,0,0,,,,
118,Line#6,38.2,44.1,2098.00,800.00,685.47,5.9,,,,Rich ore,1,0,1.00,,,
119,Line#6,44.1,59.1,2098.00,800.00,675.02,15,,26.27,,Poor ore,0,1,0.00,3.35,0.07,
120,Line#6,59.1,74.1,2098.00,800.00,660.02,15,,20.56,,Poor ore,0,1,0.00,0.52,0.02,
121,Line#6,74.1,89.1,2098.00,800.00,645.02,15,,21.69,,Poor ore,0,1,0.00,0.59,0.02,
122,Line#6,89.1,104.1,2098.00,800.00,630.02,15,,16.70,,Poor ore,0,1,0.00,0.58,0.03,
123,Line#6,104.1,119.2,2098.00,800.00,614.97,15.1,,16.70,,Poor ore,0,1,0.00,0.58,0.03,
124,Line#7,0,17.9628,1402.00,580.53,631.24,17.9628,3.91,63.18,-1.14,Rich ore,1,0,1.00,0.08,0.13,0.42
125,Line#7,17.9628,27.867,1402.00,573.59,619.16,9.90419,,40.20,,Poor ore,0,1,0.00,0.11,0.12,
126,Line#7,27.867,38.8192,1402.00,568.39,610.12,10.9523,2.12,65.12,-0.65,Rich ore,1,0,1.00,0.07,0.06,0.45
127,Line#7,38.8192,54.5022,1402.00,561.76,598.57,15.683,,29.70,,Poor ore,0,1,0.00,0.10,0.06,
128,Line#7,54.5022,74.4049,1402.00,552.90,583.14,19.9027,1.84,64.28,-0.94,Rich ore,1,0,1.00,0.08,0.04,0.77
129,Line#7,74.4049,74.5575,1402.00,547.91,574.44,0.152643,,,,,0,0,,,,
130,Line#7,74.5575,75.2608,1402.00,547.69,574.07,0.703278,,,,Rich ore,1,0,1.00,,,
131,Line#7,75.2608,76.5954,1402.00,547.19,573.19,1.33462,,,,Poor ore,0,1,0.00,,,
132,Line#7,76.5954,88.3812,1402.00,543.92,567.50,11.7858,0.34,68.02,1.04,Rich ore,1,0,1.00,0.06,0.02,0.60
133,Line#7,88.3812,91.0331,1402.00,540.32,561.24,2.65187,,,,,0,0,,,,
134,Line#7,91.0331,92.5786,1402.00,539.28,559.42,1.54548,,,,Rich ore,1,0,1.00,,,
135,Line#7,92.5786,94.0881,1402.00,538.52,558.09,1.5095,,,,,0,0,,,,
136,Line#7,94.0881,108.387,1402.00,534.58,551.24,14.2988,0.61,65.83,-0.39,Rich ore,1,0,1.00,0.11,0.05,0.44
137,Line#7,108.387,111.083,1402.00,530.35,543.87,2.69652,,,,,0,0,,,,
138,Line#7,111.083,128.554,1402.00,525.33,535.13,17.4703,0.68,67.45,0.49,Rich ore,1,0,1.00,0.11,0.03,0.96
139,Line#7,128.554,130.561,1402.00,520.48,526.68,2.00689,,,,,0,0,,,,
140,Line#7,130.561,134.377,1402.00,519.03,524.16,3.81656,,,,Rich ore,1,0,1.00,,,
141,Line#7,134.377,135.345,1402.00,517.84,522.08,0.967471,,,,,0,0,,,,
142,Line#7,135.345,141.146,1402.00,516.15,519.15,5.80117,,,,Rich ore,1,0,1.00,,,
143,Line#7,141.146,143.762,1402.00,514.06,515.50,2.61589,,,,,0,0,,,,
144,Line#7,143.762,158.762,1402.00,509.67,507.86,15,0.86,67.59,0.57,Rich ore,1,0,1.00,0.11,0.01,1.23
145,Line#7,158.762,167.445,1402.00,503.77,497.59,8.68324,0.56,67.87,0.85,Rich ore,1,0,1.00,0.10,0.02,1.19
146,Line#7,167.445,170.594,1402.00,500.83,492.46,3.14925,,,,,0,0,,,,
147,Line#7,170.594,176.901,1402.00,498.47,488.36,6.30718,,,,Rich ore,1,0,1.00,,,
148,Line#7,176.901,180.059,1402.00,496.11,484.26,3.15793,,,,,0,0,,,,
149,Line#7,180.059,189.516,1402.00,492.97,478.79,9.45643,1.70,65.00,-0.72,Rich ore,1,0,1.00,0.17,0.02,2.30
150,Line#7,189.516,204.516,1402.00,486.91,468.17,15,,,,,0,0,,,,
151,Line#7,204.516,218.274,1402.00,479.82,455.66,13.7588,,,,,0,0,,,,
152,Line#7,218.274,219.318,1402.00,476.17,449.22,1.04317,,,,Rich ore,1,0,1.00,,,
153,Line#7,219.318,228.774,1402.00,473.56,444.67,9.45643,,,,,0,0,,,,
154,Line#7,228.774,231.937,1402.00,470.42,439.20,3.16291,,,,Rich ore,1,0,1.00,,,
155,Line#7,231.937,246.937,1402.00,465.89,431.32,15,,,,,0,0,,,,
156,Line#7,246.937,257.869,1402.00,459.43,420.08,10.932,,,,,0,0,,,,
157,Line#7,257.869,260.915,1402.00,455.95,414.02,3.04631,,,,Rich ore,1,0,1.00,,,
158,Line#7,260.915,261.363,1402.00,455.08,412.50,0.447772,,,,,0,0,,,,
159,Line#7,261.363,270.08,1402.00,452.80,408.53,8.71718,2.70,57.80,-1.85,Rich ore,1,0,1.00,6.14,0.03,0.90
160,Line#7,270.08,279.339,1402.00,448.32,400.74,9.25921,,18.96,,Poor ore,0,1,0.00,0.32,0.01,
161,Line#8,0,15,1800.00,1573.00,738.42,15,0.78,67.03,0.19,Rich ore,1,0,1.00,0.10,0.09,0.44
162,Line#8,15,30,1800.00,1573.00,723.42,15,0.80,67.29,0.37,Rich ore,1,0,1.00,0.10,0.07,0.31
163,Line#8,30,52.09,1800.00,1573.00,704.87,22.09,0.68,68.38,1.43,Rich ore,1,0,1.00,0.18,0.02,0.37
164,Line#8,52.09,52.63,1800.00,1573.00,693.56,0.54,,,,,0,0,,,,
165,Line#8,52.63,58.02,1800.00,1573.00,690.59,5.39,,,,Rich ore,1,0,1.00,,,
166,Line#8,58.02,58.57,1800.00,1573.00,687.62,0.55,,,,,0,0,,,,
167,Line#8,58.57,59.17,1800.00,1573.00,687.05,0.6,,,,Rich ore,1,0,1.00,,,
168,Line#8,59.17,60.97,1800.00,1573.00,685.85,1.8,,,,,0,0,,,,
169,Line#8,60.97,64.61,1800.00,1573.00,683.13,3.64,,,,Rich ore,1,0,1.00,,,
170,Line#8,64.61,66.13,1800.00,1573.00,680.55,1.52,,,,,0,0,,,,
171,Line#8,66.13,67.63,1800.00,1573.00,679.04,1.5,,,,Rich ore,1,0,1.00,,,
172,Line#8,67.63,70.75,1800.00,1573.00,676.73,3.12,,,,,0,0,,,,
173,Line#8,70.75,77.87,1800.00,1573.00,671.61,7.12,,,,Rich ore,1,0,1.00,,,
174,Line#8,77.87,92.87,1800.00,1573.00,660.55,15,,,,Poor ore,0,1,0.00,,,
175,Line#8,92.87,105.31,1800.00,1573.00,646.83,12.44,,,,Poor ore,0,1,0.00,,,
176,Line#9,0,17.05,1802.00,2368.00,691.06,17.05,0.69,65.77,-0.42,Rich ore,1,0,1.00,0.09,0.12,0.55
177,Line#9,17.05,21.42,1802.00,2368.00,680.35,4.37,,,,,0,0,,,,
178,Line#9,21.42,36.42,1802.00,2368.00,670.66,15,0.86,65.91,-0.34,Rich ore,1,0,1.00,0.10,0.11,0.55
179,Line#9,36.42,48.54,1802.00,2368.00,657.10,12.12,0.62,66.44,-0.15,Rich ore,1,0,1.00,0.08,0.05,0.64
180,Line#9,48.54,51.69,1802.00,2368.00,649.47,3.15,,,,Poor ore,0,1,0.00,,,
181,Line#9,51.69,66.69,1802.00,2368.00,640.39,15,0.58,65.88,-0.37,Rich ore,1,0,1.00,0.67,0.03,0.83
182,Line#9,66.69,76.05,1802.00,2368.00,628.21,9.36,0.42,67.58,0.57,Rich ore,1,0,1.00,0.14,0.02,0.66
183,Line#9,76.05,79.3,1802.00,2368.00,621.91,3.25,,,,,0,0,,,,
184,Line#9,79.3,101.1,1802.00,2368.00,609.38,21.8,0.43,66.89,0.12,Rich ore,1,0,1.00,0.09,0.03,0.90
185,Line#9,101.1,105.2,1802.00,2368.00,596.43,4.1,,,,,0,0,,,,
186,Line#9,105.2,109.7,1802.00,2368.00,592.13,4.5,,,,Rich ore,1,0,1.00,,,
187,Line#9,109.7,114.5,1802.00,2368.00,587.48,4.8,,,,,0,0,,,,
188,Line#9,114.5,117.58,1802.00,2368.00,583.54,3.08,,,,Rich ore,1,0,1.00,,,
189,Line#9,117.58,119.06,1802.00,2368.00,581.26,1.48,,,,,0,0,,,,
190,Line#9,119.06,120.5,1802.00,2368.00,579.80,1.44,,,,Rich ore,1,0,1.00,,,
191,Line#9,120.5,121.76,1802.00,2368.00,578.45,1.26,,,,,0,0,,,,
192,Line#9,121.76,122.76,1802.00,2368.00,577.32,1,,,,Rich ore,1,0,1.00,,,
193,Line#9,122.76,124.98,1802.00,2368.00,575.71,2.22,,,,Poor ore,0,1,0.00,,,
194,Line#9,124.98,132.01,1802.00,2368.00,571.09,7.03,,,,Rich ore,1,0,1.00,,,
195,Line#9,132.01,134.21,1802.00,2368.00,566.47,2.2,,,,,0,0,,,,
196,Line#9,134.21,135.71,1802.00,2368.00,564.62,1.5,,,,Rich ore,1,0,1.00,,,
197,Line#9,135.71,136.71,1802.00,2368.00,563.37,1,,,,,0,0,,,,
198,Line#9,136.71,140.99,1802.00,2368.00,560.73,4.28,,,,Rich ore,1,0,1.00,,,
199,Line#9,140.99,143.29,1802.00,2368.00,557.44,2.3,,,,,0,0,,,,
200,Line#9,143.29,145.99,1802.00,2368.00,554.94,2.7,,,,Rich ore,1,0,1.00,,,
201,Line#9,145.99,147.39,1802.00,2368.00,552.89,1.4,,,,,0,0,,,,
202,Line#9,147.39,148.48,1802.00,2368.00,551.65,1.09,,,,Rich ore,1,0,1.00,,,
203,Line#9,148.48,150.28,1802.00,2368.00,550.20,1.8,,,,,0,0,,,,
204,Line#9,150.28,159.4,1802.00,2368.00,544.74,9.12,0.50,65.20,-0.61,Rich ore,1,0,1.00,1.64,0.03,0.71
205,Line#9,159.4,161.76,1802.00,2368.00,539.00,2.36,,,,Poor ore,0,1,0.00,,,
206,Line#9,161.76,162.36,1802.00,2368.00,537.52,0.6,,,,,0,0,,,,
207,Line#9,162.36,168.54,1802.00,2368.00,534.13,6.18,,,,Poor ore,0,1,0.00,,,
208,Line#9,168.54,170.04,1802.00,2368.00,530.29,1.5,,,,,0,0,,,,
209,Line#9,170.04,171.54,1802.00,2368.00,528.79,1.5,,,,Poor ore,0,1,0.00,,,
210,Line#9,171.54,172.14,1802.00,2368.00,527.74,0.6,,,,,0,0,,,,
211,Line#9,172.14,175.02,1802.00,2368.00,526.00,2.88,,,,Poor ore,0,1,0.00,,,
212,Line#10,0,8.43934,1505.00,2968.90,663.05,8.43934,1.03,65.22,-0.60,Rich ore,1,0,1.00,0.07,0.18,0.42
213,Line#10,8.43934,9.14261,1505.00,2966.63,659.08,0.703278,,,,,0,0,,,,
214,Line#10,9.14261,12.8562,1505.00,2965.53,657.17,3.71362,,,,Rich ore,1,0,1.00,,,
215,Line#10,12.8562,13.304,1505.00,2964.50,655.36,0.447772,,,,,0,0,,,,
216,Line#10,13.304,17.479,1505.00,2963.35,653.36,4.17502,,,,Rich ore,1,0,1.00,,,
217,Line#10,17.479,18.8273,1505.00,2961.97,650.96,1.34826,,,,,0,0,,,,
218,Line#10,18.8273,19.9833,1505.00,2961.35,649.87,1.15603,,,,Rich ore,1,0,1.00,,,
219,Line#10,19.9833,20.3369,1505.00,2960.98,649.22,0.353553,,,,,0,0,,,,
220,Line#10,20.3369,21.8377,1505.00,2960.52,648.41,1.50083,,,,Rich ore,1,0,1.00,,,
221,Line#10,21.8377,23.2219,1505.00,2959.80,647.16,1.38423,,,,,0,0,,,,
222,Line#10,23.2219,25.2375,1505.00,2958.95,645.69,2.01556,,,,Rich ore,1,0,1.00,,,
223,Line#10,25.2375,25.8738,1505.00,2958.29,644.54,0.636318,,,,,0,0,,,,
224,Line#10,25.8738,26.7247,1505.00,2957.92,643.89,0.850882,,,,Rich ore,1,0,1.00,,,
225,Line#10,26.7247,27.3697,1505.00,2957.55,643.24,0.644981,,,,,0,0,,,,
226,Line#10,27.3697,27.8671,1505.00,2957.27,642.75,0.497393,,,,Rich ore,1,0,1.00,,,
227,Line#10,27.8671,28.9735,1505.00,2956.87,642.05,1.10639,,,,,0,0,,,,
228,Line#10,28.9735,31.3835,1505.00,2955.99,640.53,2.41,,,,Rich ore,1,0,1.00,,,
229,Line#10,31.3835,32.1364,1505.00,2955.21,639.15,0.752928,,,,,0,0,,,,
230,Line#10,32.1364,34.1966,1505.00,2954.51,637.93,2.06022,,,,Rich ore,1,0,1.00,,,
231,Line#10,34.1966,35.2,1505.00,2953.75,636.60,1.00344,,,,,0,0,,,,
232,Line#10,35.2,35.953,1505.00,2953.31,635.84,0.752928,,,,Rich ore,1,0,1.00,,,
233,Line#10,35.953,36.6067,1505.00,2952.96,635.23,0.653682,,,,,0,0,,,,
234,Line#10,36.6067,38.6272,1505.00,2952.30,634.07,2.02054,,,,Rich ore,1,0,1.00,,,
235,Line#10,38.6272,39.2275,1505.00,2951.64,632.94,0.600333,,,,,0,0,,,,
236,Line#10,39.2275,39.7336,1505.00,2951.37,632.46,0.506063,,,,Rich ore,1,0,1.00,,,
237,Line#10,39.7336,40.3786,1505.00,2951.08,631.96,0.644981,,,,,0,0,,,,
238,Line#10,40.3786,41.7405,1505.00,2950.58,631.09,1.36192,,,,Rich ore,1,0,1.00,,,
239,Line#10,41.7405,43.25,1505.00,2949.87,629.84,1.5095,,,,,0,0,,,,
240,Line#10,43.25,44.8848,1505.00,2949.09,628.48,1.63478,,,,Rich ore,1,0,1.00,,,
241,Line#10,44.8848,45.6823,1505.00,2948.48,627.42,0.797559,,,,,0,0,,,,
242,Line#10,45.6823,47.9175,1505.00,2947.73,626.11,2.23511,,,,Rich ore,1,0,1.00,,,
243,Line#10,47.9175,48.7733,1505.00,2946.96,624.76,0.855862,,,,,0,0,,,,
244,Line#10,48.7733,50.2741,1505.00,2946.38,623.74,1.50083,,,,Rich ore,1,0,1.00,,,
245,Line#10,50.2741,50.9997,1505.00,2945.82,622.78,0.725603,,,,,0,0,,,,
246,Line#10,50.9997,71.2783,1505.00,2940.60,613.66,20.2785,0.67,67.21,0.30,Rich ore,1,0,1.00,0.08,0.04,0.64
247,Line#10,71.2783,75.0279,1505.00,2934.63,603.24,3.74959,,,,,0,0,,,,
248,Line#10,75.0279,78.8717,1505.00,2932.74,599.95,3.84387,,,,Rich ore,1,0,1.00,,,
249,Line#10,78.8717,79.167,1505.00,2931.71,598.15,0.295296,,,,,0,0,,,,
250,Line#10,79.167,79.4226,1505.00,2931.57,597.91,0.255539,,,,Rich ore,1,0,1.00,,,
251,Line#10,79.4226,80.6989,1505.00,2931.19,597.25,1.27632,,,,,0,0,,,,
252,Line#10,80.6989,81.7023,1505.00,2930.63,596.26,1.00344,,,,Rich ore,1,0,1.00,,,
253,Line#10,81.7023,84.5155,1505.00,2929.68,594.60,2.81311,,,,,0,0,,,,
254,Line#10,84.5155,85.1381,1505.00,2928.82,593.11,0.622656,,,,Rich ore,1,0,1.00,,,
255,Line#10,85.1381,96.754,1505.00,2925.78,587.80,11.6159,,,,,0,0,,,,
256,Line#10,96.754,101.596,1505.00,2921.69,580.66,4.84235,,,,Rich ore,1,0,1.00,,,
257,Line#10,101.596,102.519,1505.00,2920.26,578.16,0.922821,,,,,0,0,,,,
258,Line#10,102.519,106.036,1505.00,2919.15,576.24,3.51639,,,,Rich ore,1,0,1.00,,,
259,Line#10,106.036,107.59,1505.00,2917.89,574.04,1.55415,,,,,0,0,,,,
260,Line#10,107.59,109.991,1505.00,2916.91,572.32,2.40133,,,,Rich ore,1,0,1.00,,,
261,Line#10,109.991,110.636,1505.00,2916.15,571.00,0.644981,,,,,0,0,,,,
262,Line#10,110.636,112.096,1505.00,2915.63,570.09,1.4599,,,,Rich ore,1,0,1.00,,,
263,Line#10,112.096,117.163,1505.00,2914.00,567.25,5.06685,,,,,0,0,,,,
264,Line#10,117.163,118.166,1505.00,2912.50,564.62,1.00344,,,,Rich ore,1,0,1.00,,,
265,Line#10,118.166,119.178,1505.00,2911.99,563.75,1.01213,,,,,0,0,,,,
266,Line#10,119.178,141.594,1505.00,2906.17,553.58,22.4156,,13.07,,Poor ore,0,1,0.00,0.23,0.05,
267,Line#11,0,15,1605.75,1971.00,711.19,15,0.94,65.70,-0.45,Rich ore,1,0,1.00,0.08,0.24,0.29
268,Line#11,15,30,1613.25,1971.00,698.20,15,2.94,65.43,-0.53,Rich ore,1,0,1.00,0.09,0.06,0.22
269,Line#11,30,39.1346,1619.28,1971.00,687.75,9.13465,4.67,63.65,-1.06,Rich ore,1,0,1.00,0.09,0.09,0.48
270,Line#11,39.1346,40.1294,1621.82,1971.00,683.37,0.994786,,,,,0,0,,,,
271,Line#11,40.1294,45.752,1623.47,1971.00,680.50,5.62256,,,,Rich ore,1,0,1.00,,,
272,Line#11,45.752,48.7983,1625.64,1971.00,676.75,3.04631,,,,,0,0,,,,
273,Line#11,48.7983,63.7983,1630.15,1971.00,668.94,15,1.32,61.31,-1.44,Rich ore,1,0,1.00,4.20,0.03,0.38
274,Line#11,63.7983,78.7983,1637.65,1971.00,655.95,15,0.71,67.74,0.72,Rich ore,1,0,1.00,0.12,0.03,0.97
275,Line#11,78.7983,93.7983,1645.15,1971.00,642.95,15,0.72,68.44,1.54,Rich ore,1,0,1.00,0.11,0.02,0.46
276,Line#11,93.7983,108.798,1652.65,1971.00,629.96,15,1.82,67.18,0.28,Rich ore,1,0,1.00,0.10,0.03,0.52
277,Line#11,108.798,117.39,1658.55,1971.00,619.75,8.59202,,64.16,-0.95,Rich ore,1,0,1.00,0.18,0.02,
278,Line#11,117.39,132.39,1664.45,1971.00,609.53,15,,20.86,,Poor ore,0,1,0.00,0.55,0.01,
279,Line#11,132.39,140.297,1670.18,1971.00,599.62,7.90695,,24.90,,Poor ore,0,1,0.00,2.40,0.04,
280,Line#12,0,0.600333,1607.15,1175.00,705.94,0.600333,,,,Rich ore,1,0,1.00,,,
281,Line#12,0.600333,2.29839,1607.72,1175.00,704.94,1.69806,,,,,0,0,,,,
282,Line#12,2.29839,22.2037,1613.13,1175.00,695.59,19.9053,0.88,66.16,-0.25,Rich ore,1,0,1.00,0.17,0.16,0.39
283,Line#12,22.2037,25.7028,1618.98,1175.00,685.46,3.49906,,,,,0,0,,,,
284,Line#12,25.7028,27.8039,1620.38,1175.00,683.03,2.10117,,,,Rich ore,1,0,1.00,,,
285,Line#12,27.8039,28.351,1621.04,1175.00,681.89,0.547083,,,,,0,0,,,,
286,Line#12,28.351,34.977,1622.83,1175.00,678.78,6.626,,,,Rich ore,1,0,1.00,,,
287,Line#12,34.977,35.9805,1624.74,1175.00,675.48,1.00344,,,,,0,0,,,,
288,Line#12,35.9805,40.4966,1626.12,1175.00,673.09,4.51616,,,,Rich ore,1,0,1.00,,,
289,Line#12,40.4966,42.0557,1627.64,1175.00,670.46,1.55913,,,,,0,0,,,,
290,Line#12,42.0557,54.1567,1631.06,1175.00,664.54,12.101,0.49,67.76,0.73,Rich ore,1,0,1.00,0.10,0.04,0.68
291,Line#12,54.1567,54.6541,1634.21,1175.00,659.09,0.497393,,,,,0,0,,,,
292,Line#12,54.6541,67.2028,1637.47,1175.00,653.44,12.5487,0.53,67.48,0.50,Rich ore,1,0,1.00,0.15,0.06,0.59
293,Line#12,67.2028,68.6007,1640.96,1175.00,647.40,1.39789,,,,,0,0,,,,
294,Line#12,68.6007,75.899,1643.13,1175.00,643.63,7.29829,,,,Rich ore,1,0,1.00,,,
295,Line#12,75.899,77.0327,1645.24,1175.00,639.98,1.13371,,,,,0,0,,,,
296,Line#12,77.0327,89.6397,1648.67,1175.00,634.03,12.607,0.59,63.25,-1.12,Rich ore,1,0,1.00,2.43,0.02,1.05
297,Line#12,89.6397,90.6432,1652.08,1175.00,628.14,1.00344,,,,,0,0,,,,
298,Line#12,90.6432,94.595,1653.32,1175.00,625.99,3.95181,,,,Rich ore,1,0,1.00,,,
299,Line#12,94.595,96.8487,1654.87,1175.00,623.31,2.25375,,,,,0,0,,,,
300,Line#12,96.8487,97.3908,1655.57,1175.00,622.10,0.542033,,,,Rich ore,1,0,1.00,,,
301,Line#12,97.3908,97.9415,1655.84,1175.00,621.62,0.550727,,,,,0,0,,,,
302,Line#12,97.9415,105.289,1657.81,1175.00,618.20,7.34793,,,,Rich ore,1,0,1.00,,,
303,Line#12,105.289,106.79,1660.03,1175.00,614.37,1.50083,,,,Poor ore,0,1,0.00,,,
304,Line#12,106.79,108.497,1660.83,1175.00,612.98,1.70672,,,,Rich ore,1,0,1.00,,,
305,Line#12,108.497,109.595,1661.53,1175.00,611.77,1.09772,,,,,0,0,,,,
306,Line#12,109.595,111.696,1662.33,1175.00,610.38,2.10117,,,,Rich ore,1,0,1.00,,,
307,Line#12,111.696,111.996,1662.93,1175.00,609.34,0.300167,,,,,0,0,,,,
308,Line#12,111.996,118.497,1664.63,1175.00,606.40,6.50072,,,,Rich ore,1,0,1.00,,,
309,Line#12,118.497,120.137,1666.67,1175.00,602.87,1.63976,,,,,0,0,,,,
310,Line#12,120.137,135.898,1671.02,1175.00,595.34,15.7613,1.93,64.72,-0.81,Rich ore,1,0,1.00,0.18,0.05,2.14
311,Line#12,135.898,136.081,1675.00,1175.00,588.44,0.183575,,,,,0,0,,,,
312,Line#12,136.081,138.613,1675.68,1175.00,587.26,2.53161,,,,Rich ore,1,0,1.00,,,
313,Line#12,138.613,139.33,1676.50,1175.00,585.85,0.716938,,,,,0,0,,,,
314,Line#12,139.33,144.455,1677.96,1175.00,583.32,5.12517,,,,Rich ore,1,0,1.00,,,
315,Line#12,144.455,145.055,1679.39,1175.00,580.84,0.600333,,,,,0,0,,,,
316,Line#12,145.055,146.498,1679.90,1175.00,579.96,1.44253,,,,Rich ore,1,0,1.00,,,
317,Line#12,146.498,147.004,1680.39,1175.00,579.12,0.506063,,,,,0,0,,,,
318,Line#12,147.004,168.679,1685.93,1175.00,569.51,21.6753,1.25,64.67,-0.83,Rich ore,1,0,1.00,0.24,0.08,1.02
319,Line#12,168.679,170.283,1691.75,1175.00,559.43,1.60378,,,,,0,0,,,,
320,Line#12,170.283,174.755,1693.27,1175.00,556.80,4.47152,,,,Rich ore,1,0,1.00,,,
321,Line#12,174.755,181.3,1696.03,1175.00,552.03,6.54537,,,,Poor ore,0,1,0.00,,,
322,Line#13,0,10.16,1007.00,1.00,730.80,10.16,0.84,66.04,-0.29,Rich ore,1,0,1.00,0.06,0.18,0.87
323,Line#13,10.16,10.68,1007.00,1.00,725.46,0.52,,,,,0,0,,,,
324,Line#13,10.68,20.81,1007.00,1.00,720.13,10.13,0.64,66.56,-0.06,Rich ore,1,0,1.00,0.07,0.12,0.42
325,Line#13,20.81,25.97,1007.00,1.00,712.49,5.16,,,,,0,0,,,,
326,Line#13,25.97,29.02,1007.00,1.00,708.38,3.05,,,,Rich ore,1,0,1.00,,,
327,Line#13,29.02,30.55,1007.00,1.00,706.10,1.53,,,,,0,0,,,,
328,Line#13,30.55,34.46,1007.00,1.00,703.38,3.91,,,,Rich ore,1,0,1.00,,,
329,Line#13,34.46,37.57,1007.00,1.00,699.87,3.11,,,,,0,0,,,,
330,Line#13,37.57,38.17,1007.00,1.00,698.01,0.6,,,,Rich ore,1,0,1.00,,,
331,Line#13,38.17,40.23,1007.00,1.00,696.68,2.06,,,,,0,0,,,,
332,Line#13,40.23,41.23,1007.00,1.00,695.15,1,,,,Rich ore,1,0,1.00,,,
333,Line#13,41.23,42.3,1007.00,1.00,694.12,1.07,,,,,0,0,,,,
334,Line#13,42.3,43.2,1007.00,1.00,693.13,0.9,,,,Rich ore,1,0,1.00,,,
335,Line#13,43.2,44.35,1007.00,1.00,692.11,1.15,,,,,0,0,,,,
336,Line#13,44.35,44.92,1007.00,1.00,691.25,0.57,,,,Rich ore,1,0,1.00,,,
337,Line#13,44.92,45.42,1007.00,1.00,690.71,0.5,,,,,0,0,,,,
338,Line#13,45.42,46.29,1007.00,1.00,690.02,0.87,,,,Rich ore,1,0,1.00,,,
339,Line#13,46.29,46.92,1007.00,1.00,689.27,0.63,,,,,0,0,,,,
340,Line#13,46.92,48.12,1007.00,1.00,688.36,1.2,,,,Rich ore,1,0,1.00,,,
341,Line#13,48.12,49.99,1007.00,1.00,686.83,1.87,,,,,0,0,,,,
342,Line#13,49.99,53.06,1007.00,1.00,684.36,3.07,,,,Rich ore,1,0,1.00,,,
343,Line#13,53.06,54.58,1007.00,1.00,682.06,1.52,,,,,0,0,,,,
344,Line#13,54.58,55.76,1007.00,1.00,680.71,1.18,,,,Rich ore,1,0,1.00,,,
345,Line#13,55.76,56.49,1007.00,1.00,679.75,0.73,,,,,0,0,,,,
346,Line#13,56.49,62.21,1007.00,1.00,676.53,5.72,,,,Rich ore,1,0,1.00,,,
347,Line#13,62.21,62.91,1007.00,1.00,673.32,0.7,,,,,0,0,,,,
348,Line#13,62.91,63.71,1007.00,1.00,672.57,0.8,,,,Rich ore,1,0,1.00,,,
349,Line#13,63.71,64.31,1007.00,1.00,671.87,0.6,,,,,0,0,,,,
350,Line#13,64.31,75.9,1007.00,1.00,665.77,11.59,0.31,68.71,2.03,Rich ore,1,0,1.00,0.10,0.01,0.58
351,Line#13,75.9,76.49,1007.00,1.00,659.68,0.59,,,,,0,0,,,,
352,Line#13,76.49,85.04,1007.00,1.00,655.12,8.55,1.63,67.21,0.30,Rich ore,1,0,1.00,0.08,0.02,0.46
353,Line#13,85.04,86.44,1007.00,1.00,650.14,1.4,,,,,0,0,,,,
354,Line#13,86.44,91.75,1007.00,1.00,646.78,5.31,,,,Rich ore,1,0,1.00,,,
355,Line#13,91.75,92.35,1007.00,1.00,643.83,0.6,,,,,0,0,,,,
356,Line#13,92.35,93.35,1007.00,1.00,643.03,1,,,,Rich ore,1,0,1.00,,,
357,Line#13,93.35,93.96,1007.00,1.00,642.23,0.61,,,,,0,0,,,,
358,Line#13,93.96,100.7,1007.00,1.00,638.55,6.74,,,,Rich ore,1,0,1.00,,,
359,Line#13,100.7,102.22,1007.00,1.00,634.42,1.52,,,,Poor ore,0,1,0.00,,,
360,Line#13,102.22,103.75,1007.00,1.00,632.89,1.53,,,,,0,0,,,,
361,Line#13,103.75,109.37,1007.00,1.00,629.32,5.62,,,,Rich ore,1,0,1.00,,,
362,Line#13,109.37,110.87,1007.00,1.00,625.76,1.5,,,,,0,0,,,,
363,Line#13,110.87,114.25,1007.00,1.00,623.32,3.38,,,,Rich ore,1,0,1.00,,,
364,Line#13,114.25,116.5,1007.00,1.00,620.50,2.25,,,,,0,0,,,,
365,Line#13,116.5,128.45,1007.00,1.00,613.40,11.95,1.09,67.01,0.18,Rich ore,1,0,1.00,0.56,0.03,0.66
366,Line#13,128.45,129.65,1007.00,1.00,606.83,1.2,,,,,0,0,,,,
367,Line#13,129.65,130.7,1007.00,1.00,605.70,1.05,,,,Rich ore,1,0,1.00,,,
368,Line#13,130.7,133.35,1007.00,1.00,603.86,2.65,,,,,0,0,,,,
369,Line#13,133.35,134.15,1007.00,1.00,602.13,0.8,,,,Rich ore,1,0,1.00,,,
370,Line#13,134.15,134.67,1007.00,1.00,601.47,0.52,,,,,0,0,,,,
371,Line#13,134.67,138.3,1007.00,1.00,599.39,3.63,,,,Rich ore,1,0,1.00,,,
372,Line#13,138.3,138.5,1007.00,1.00,597.48,0.2,,,,,0,0,,,,
373,Line#13,138.5,146.01,1007.00,1.00,593.63,7.51,2.24,64.80,-0.79,Rich ore,1,0,1.00,0.88,0.03,0.67
374,Line#13,146.01,151.2,1007.00,1.00,587.27,5.19,,,,Poor ore,0,1,0.00,,,
375,Line#13,151.2,152.13,1007.00,1.00,584.22,0.93,,,,,0,0,,,,
376,Line#13,152.13,155.13,1007.00,1.00,582.25,3,,,,Poor ore,0,1,0.00,,,
377,Line#14,0,15,1401.00,-26.00,766.52,15,0.73,65.44,-0.52,Rich ore,1,0,1.00,0.07,0.22,0.17
378,Line#14,15,30,1401.00,-26.00,751.52,15,2.12,65.04,-0.69,Rich ore,1,0,1.00,0.10,0.04,0.41
379,Line#14,30,46.3,1401.00,-26.00,735.87,16.3,1.18,67.54,0.54,Rich ore,1,0,1.00,0.10,0.02,0.61
380,Line#14,46.3,46.87,1401.00,-26.00,727.43,0.57,,,,,0,0,,,,
381,Line#14,46.87,57.23,1401.00,-26.00,721.97,10.36,0.74,68.17,1.18,Rich ore,1,0,1.00,0.06,0.01,0.68
382,Line#14,57.23,57.43,1401.00,-26.00,716.69,0.2,,,,,0,0,,,,
383,Line#14,57.43,57.99,1401.00,-26.00,716.31,0.56,,,,Rich ore,1,0,1.00,,,
384,Line#14,57.99,58.65,1401.00,-26.00,715.70,0.66,,,,,0,0,,,,
385,Line#14,58.65,60.72,1401.00,-26.00,714.33,2.07,,,,Rich ore,1,0,1.00,,,
386,Line#14,60.72,75.72,1401.00,-26.00,705.80,15,,25.92,,Poor ore,0,1,0.00,0.63,0.05,
387,Line#14,75.72,90.72,1401.00,-26.00,690.80,15,,19.90,,Poor ore,0,1,0.00,0.54,0.02,
388,Line#14,90.72,98.28,1401.00,-26.00,679.52,7.56,,19.90,,Poor ore,0,1,0.00,0.54,0.02,
389,Line#14,98.28,98.43,1401.00,-26.00,675.66,0.15,,,,,0,0,,,,
390,Line#14,98.43,113.43,1401.00,-26.00,668.09,15,,11.43,,Poor ore,0,1,0.00,0.22,0.02,
391,Line#14,113.43,123.36,1401.00,-26.00,655.63,9.93,,9.30,,Poor ore,0,1,0.00,0.27,0.02,
392,Line#15,0,15.65,1004.00,345.00,634.21,15.65,2.12,63.69,-1.05,Rich ore,1,0,1.00,0.04,0.19,0.32
393,Line#15,15.65,17.25,1004.00,345.00,625.59,1.6,,,,Poor ore,0,1,0.00,,,
394,Line#15,17.25,25.9,1004.00,345.00,620.46,8.65,2.35,64.57,-0.86,Rich ore,1,0,1.00,0.05,0.09,1.70
395,Line#15,25.9,26.05,1004.00,345.00,616.06,0.15,,,,,0,0,,,,
396,Line#15,26.05,30.85,1004.00,345.00,613.59,4.8,,,,Rich ore,1,0,1.00,,,
397,Line#15,30.85,31.4,1004.00,345.00,610.91,0.55,,,,,0,0,,,,
398,Line#15,31.4,38.52,1004.00,345.00,607.08,7.12,,,,Rich ore,1,0,1.00,,,
399,Line#15,38.52,38.62,1004.00,345.00,603.47,0.1,,,,,0,0,,,,
400,Line#15,38.62,45.6,1004.00,345.00,599.93,6.98,,,,Rich ore,1,0,1.00,,,
401,Line#15,45.6,46.2,1004.00,345.00,596.14,0.6,,,,,0,0,,,,
402,Line#15,46.2,47.17,1004.00,345.00,595.35,0.97,,,,Rich ore,1,0,1.00,,,
403,Line#15,47.17,48.11,1004.00,345.00,594.40,0.94,,,,,0,0,,,,
404,Line#15,48.11,55.85,1004.00,345.00,590.06,7.74,1.06,66.56,-0.06,Rich ore,1,0,1.00,0.05,0.04,0.94
405,Line#15,55.85,56.38,1004.00,345.00,585.92,0.53,,,,,0,0,,,,
406,Line#15,56.38,64.02,1004.00,345.00,581.84,7.64,0.85,66.99,0.16,Rich ore,1,0,1.00,0.04,0.02,1.04
407,Line#15,64.02,64.15,1004.00,345.00,577.95,0.13,,,,,0,0,,,,
408,Line#15,64.15,65.9,1004.00,345.00,577.01,1.75,,,,Rich ore,1,0,1.00,,,
409,Line#15,65.9,68,1004.00,345.00,575.09,2.1,,,,,0,0,,,,
410,Line#15,68,70.72,1004.00,345.00,572.68,2.72,,,,Rich ore,1,0,1.00,,,
411,Line#15,70.72,71.05,1004.00,345.00,571.15,0.33,,,,,0,0,,,,
412,Line#15,71.05,73.47,1004.00,345.00,569.78,2.42,,,,Rich ore,1,0,1.00,,,
413,Line#15,73.47,73.67,1004.00,345.00,568.47,0.2,,,,,0,0,,,,
414,Line#15,73.67,75.1,1004.00,345.00,567.65,1.43,,,,Rich ore,1,0,1.00,,,
415,Line#15,75.1,76.62,1004.00,345.00,566.18,1.52,,,,,0,0,,,,
416,Line#15,76.62,81.04,1004.00,345.00,563.21,4.42,,,,Rich ore,1,0,1.00,,,
417,Line#15,81.04,83.1,1004.00,345.00,559.97,2.06,,,,,0,0,,,,
418,Line#15,83.1,86.66,1004.00,345.00,557.16,3.56,,,,Rich ore,1,0,1.00,,,
419,Line#15,86.66,87.3,1004.00,345.00,555.06,0.64,,,,,0,0,,,,
420,Line#15,87.3,95.47,1004.00,345.00,550.65,8.17,0.89,67.87,0.84,Rich ore,1,0,1.00,0.03,0.02,0.45
421,Line#15,95.47,95.53,1004.00,345.00,546.54,0.06,,,,,0,0,,,,
422,Line#15,95.53,104.85,1004.00,345.00,541.85,9.32,0.84,68.39,1.44,Rich ore,1,0,1.00,0.04,0.02,0.60
423,Line#15,104.85,107.05,1004.00,345.00,536.09,2.2,,,,,0,0,,,,
424,Line#15,107.05,111.6,1004.00,345.00,532.71,4.55,,,,Rich ore,1,0,1.00,,,
425,Line#15,111.6,112.95,1004.00,345.00,529.76,1.35,,,,,0,0,,,,
426,Line#15,112.95,113.7,1004.00,345.00,528.71,0.75,,,,Rich ore,1,0,1.00,,,
427,Line#15,113.7,115.07,1004.00,345.00,527.65,1.37,,,,,0,0,,,,
428,Line#15,115.07,118.69,1004.00,345.00,525.16,3.62,,,,Rich ore,1,0,1.00,,,
429,Line#15,118.69,120.06,1004.00,345.00,522.66,1.37,,,,,0,0,,,,
430,Line#15,120.06,130.96,1004.00,345.00,516.53,10.9,0.39,68.34,1.38,Rich ore,1,0,1.00,0.05,0.02,0.59
431,Line#15,130.96,132.31,1004.00,345.00,510.40,1.35,,,,,0,0,,,,
432,Line#15,132.31,140.31,1004.00,345.00,505.73,8,0.24,68.72,2.05,Rich ore,1,0,1.00,0.05,0.01,0.60
433,Line#15,140.31,140.41,1004.00,345.00,501.68,0.1,,,,,0,0,,,,
434,Line#15,140.41,142.01,1004.00,345.00,500.83,1.6,,,,Rich ore,1,0,1.00,,,
435,Line#15,142.01,143.36,1004.00,345.00,499.35,1.35,,,,,0,0,,,,
436,Line#15,143.36,160.98,1004.00,345.00,489.87,17.62,0.53,68.55,1.80,Rich ore,1,0,1.00,0.05,0.02,0.63
437,Line#15,160.98,163.4,1004.00,345.00,479.85,2.42,,,,,0,0,,,,
438,Line#15,163.4,165.58,1004.00,345.00,477.55,2.18,,,,Rich ore,1,0,1.00,,,
439,Line#15,165.58,165.93,1004.00,345.00,476.28,0.35,,,,,0,0,,,,
440,Line#15,165.93,177.83,1004.00,345.00,470.16,11.9,0.65,68.66,1.98,Rich ore,1,0,1.00,0.05,0.01,0.46
441,Line#15,177.83,178.93,1004.00,345.00,463.66,1.1,,,,,0,0,,,,
442,Line#15,178.93,197.65,1004.00,345.00,453.75,18.72,0.54,68.34,1.37,Rich ore,1,0,1.00,0.04,0.01,0.97
443,Line#15,197.65,197.85,1004.00,345.00,444.29,0.2,,,,,0,0,,,,
444,Line#15,197.85,204.18,1004.00,345.00,441.02,6.33,,,,Rich ore,1,0,1.00,,,
445,Line#15,204.18,205.68,1004.00,345.00,437.11,1.5,,,,,0,0,,,,
446,Line#15,205.68,217.93,1004.00,345.00,430.23,12.25,0.37,68.52,1.70,Rich ore,1,0,1.00,0.05,0.01,0.72
447,Line#15,217.93,219.43,1004.00,345.00,423.36,1.5,,,,,0,0,,,,
448,Line#15,219.43,226.08,1004.00,345.00,419.28,6.65,,,,Rich ore,1,0,1.00,,,
449,Line#15,226.08,226.58,1004.00,345.00,415.71,0.5,,,,,0,0,,,,
450,Line#15,226.58,231.6,1004.00,345.00,412.95,5.02,,,,Rich ore,1,0,1.00,,,
451,Line#15,231.6,233.29,1004.00,345.00,409.59,1.69,,,,,0,0,,,,
452,Line#15,233.29,236.49,1004.00,345.00,407.15,3.2,,,,Rich ore,1,0,1.00,,,
453,Line#15,236.49,237.77,1004.00,345.00,404.91,1.28,,,,,0,0,,,,
454,Line#15,237.77,243.2,1004.00,345.00,401.55,5.43,,,,Rich ore,1,0,1.00,,,
455,Line#15,243.2,244.31,1004.00,345.00,398.28,1.11,,,,Poor ore,0,1,0.00,,,
456,Line#15,244.31,259.31,1004.00,345.00,390.23,15,0.65,68.54,1.79,Rich ore,1,0,1.00,0.15,0.01,0.30
457,Line#15,259.31,268.54,1004.00,345.00,378.11,9.23,0.69,68.37,1.42,Rich ore,1,0,1.00,0.21,0.01,0.43
458,Line#15,268.54,269,1004.00,345.00,373.27,0.46,,,,,0,0,,,,
459,Line#15,269,270.54,1004.00,345.00,372.27,1.54,,,,Rich ore,1,0,1.00,,,
460,Line#15,270.54,271.54,1004.00,345.00,371.00,1,,,,,0,0,,,,
461,Line#15,271.54,274.15,1004.00,345.00,369.19,2.61,,,,Rich ore,1,0,1.00,,,
462,Line#15,274.15,274.81,1004.00,345.00,367.56,0.66,,,,,0,0,,,,
463,Line#15,274.81,277.6,1004.00,345.00,365.83,2.79,,,,Rich ore,1,0,1.00,,,
464,Line#15,277.6,282,1004.00,345.00,362.24,4.4,,,,Poor ore,0,1,0.00,,,
465,Line#16,0,15,1400.00,329.00,655.14,15,1.01,65.82,-0.39,Rich ore,1,0,1.00,0.12,0.29,0.28
466,Line#16,15,30,1400.00,329.00,640.14,15,1.07,67.12,0.25,Rich ore,1,0,1.00,0.08,0.20,0.28
467,Line#16,30,49.74,1400.00,329.00,622.77,19.74,0.40,68.42,1.49,Rich ore,1,0,1.00,0.10,0.04,0.33
468,Line#16,49.74,50.26,1400.00,329.00,612.64,0.52,,,,,0,0,,,,
469,Line#16,50.26,63.88,1400.00,329.00,605.57,13.62,0.78,67.96,0.96,Rich ore,1,0,1.00,0.13,0.04,0.35
470,Line#16,63.88,64.9,1400.00,329.00,598.25,1.02,,,,,0,0,,,,
471,Line#16,64.9,74.76,1400.00,329.00,592.81,9.86,0.82,67.84,0.82,Rich ore,1,0,1.00,0.15,0.04,0.34
472,Line#16,74.76,75.5,1400.00,329.00,587.51,0.74,,,,,0,0,,,,
473,Line#16,75.5,90.5,1400.00,329.00,579.64,15,0.77,67.80,0.78,Rich ore,1,0,1.00,0.13,0.04,0.37
474,Line#16,90.5,105.5,1400.00,329.00,564.64,15,0.66,68.09,1.09,Rich ore,1,0,1.00,0.10,0.04,0.30
475,Line#16,105.5,120.5,1400.00,329.00,549.64,15,0.74,67.63,0.61,Rich ore,1,0,1.00,0.13,0.04,0.36
476,Line#16,120.5,135.5,1400.00,329.00,534.64,15,0.79,67.97,0.98,Rich ore,1,0,1.00,0.43,0.03,0.34
477,Line#16,135.5,150.5,1400.00,329.00,519.64,15,0.43,67.92,0.91,Rich ore,1,0,1.00,0.36,0.02,0.32
478,Line#16,150.5,160.71,1400.00,329.00,507.03,10.21,0.98,66.40,-0.16,Rich ore,1,0,1.00,0.32,0.02,1.91
479,Line#16,160.71,161.37,1400.00,329.00,501.60,0.66,,,,Poor ore,0,1,0.00,,,
480,Line#16,161.37,176.37,1400.00,329.00,493.77,15,0.50,67.91,0.91,Rich ore,1,0,1.00,0.14,0.02,0.48
481,Line#16,176.37,197.2,1400.00,329.00,475.85,20.83,0.78,64.91,-0.75,Rich ore,1,0,1.00,1.50,0.03,1.06
482,Line#16,197.2,205.58,1400.00,329.00,461.25,8.38,,18.57,,Poor ore,0,1,0.00,0.32,0.01,
483,Line#17,0,15.44,1217.00,160.00,706.03,15.44,1.10,66.78,0.04,Rich ore,1,0,1.00,0.07,0.24,0.49
484,Line#17,15.44,16.48,1217.00,160.00,697.79,1.04,,,,,0,0,,,,
485,Line#17,16.48,32.58,1217.00,160.00,689.22,16.1,0.43,68.53,1.74,Rich ore,1,0,1.00,0.16,0.07,0.39
486,Line#17,32.58,33.26,1217.00,160.00,680.83,0.68,,,,,0,0,,,,
487,Line#17,33.26,48.26,1217.00,160.00,672.99,15,0.51,67.96,0.96,Rich ore,1,0,1.00,0.52,0.02,0.48
488,Line#17,48.26,68.6,1217.00,160.00,655.32,20.34,0.35,68.49,1.69,Rich ore,1,0,1.00,0.29,0.02,0.51
489,Line#17,68.6,70.23,1217.00,160.00,644.34,1.63,,,,,0,0,,,,
490,Line#17,70.23,79.99,1217.00,160.00,638.64,9.76,0.64,68.45,1.60,Rich ore,1,0,1.00,0.16,0.02,0.48
491,Line#17,79.99,81.87,1217.00,160.00,632.82,1.88,,,,,0,0,,,,
492,Line#17,81.87,99.72,1217.00,160.00,622.95,17.85,0.73,68.15,1.14,Rich ore,1,0,1.00,0.26,0.02,0.61
493,Line#17,99.72,101.84,1217.00,160.00,612.97,2.12,,,,,0,0,,,,
494,Line#17,101.84,103.52,1217.00,160.00,611.07,1.68,,,,Rich ore,1,0,1.00,,,
495,Line#17,103.52,105.47,1217.00,160.00,609.25,1.95,,,,,0,0,,,,
496,Line#17,105.47,120.47,1217.00,160.00,600.78,15,0.72,67.80,0.78,Rich ore,1,0,1.00,0.27,0.01,0.51
497,Line#17,120.47,132.14,1217.00,160.00,587.44,11.67,1.75,66.15,-0.26,Rich ore,1,0,1.00,0.51,0.02,0.53
498,Line#17,132.14,133.21,1217.00,160.00,581.08,1.07,,,,Poor ore,0,1,0.00,,,
499,Line#17,133.21,141.85,1217.00,160.00,576.22,8.64,0.58,68.39,1.45,Rich ore,1,0,1.00,0.16,0.01,0.54
500,Line#17,141.85,143.21,1217.00,160.00,571.22,1.36,,,,,0,0,,,,
501,Line#17,143.21,144.48,1217.00,160.00,569.90,1.27,,,,Rich ore,1,0,1.00,,,
502,Line#17,144.48,144.61,1217.00,160.00,569.20,0.13,,,,,0,0,,,,
503,Line#17,144.61,159.61,1217.00,160.00,561.64,15,0.52,68.53,1.73,Rich ore,1,0,1.00,0.11,0.01,0.58
504,Line#17,159.61,167.14,1217.00,160.00,550.38,7.53,0.34,68.89,2.36,Rich ore,1,0,1.00,0.11,0.02,0.43
505,Line#17,167.14,167.51,1217.00,160.00,546.42,0.37,,,,,0,0,,,,
506,Line#17,167.51,174.7,1217.00,160.00,542.64,7.19,,,,Rich ore,1,0,1.00,,,
507,Line#17,174.7,178.97,1217.00,160.00,536.91,4.27,,,,Poor ore,0,1,0.00,,,
508,Line#18,0,9.41,1601.00,200.00,709.28,9.41,0.97,65.27,-0.57,Rich ore,1,0,1.00,0.09,0.23,0.60
509,Line#18,9.41,9.75,1601.00,200.00,704.41,0.34,,,,,0,0,,,,
510,Line#18,9.75,18.05,1601.00,200.00,700.09,8.3,0.63,68.23,1.27,Rich ore,1,0,1.00,0.09,0.09,0.27
511,Line#18,18.05,19.57,1601.00,200.00,695.18,1.52,,,,,0,0,,,,
512,Line#18,19.57,20.92,1601.00,200.00,693.75,1.35,,,,Rich ore,1,0,1.00,,,
513,Line#18,20.92,21.53,1601.00,200.00,692.76,0.61,,,,,0,0,,,,
514,Line#18,21.53,24.39,1601.00,200.00,691.03,2.86,,,,Rich ore,1,0,1.00,,,
515,Line#18,24.39,25.71,1601.00,200.00,688.94,1.32,,,,,0,0,,,,
516,Line#18,25.71,26.05,1601.00,200.00,688.11,0.34,,,,Rich ore,1,0,1.00,,,
517,Line#18,26.05,27.05,1601.00,200.00,687.44,1,,,,,0,0,,,,
518,Line#18,27.05,29.73,1601.00,200.00,685.60,2.68,,,,Rich ore,1,0,1.00,,,
519,Line#18,29.73,30.22,1601.00,200.00,684.01,0.49,,,,,0,0,,,,
520,Line#18,30.22,45.22,1601.00,200.00,676.27,15,0.49,68.16,1.17,Rich ore,1,0,1.00,0.08,0.01,0.95
521,Line#18,45.22,59.82,1601.00,200.00,661.47,14.6,0.89,67.74,0.71,Rich ore,1,0,1.00,0.16,0.02,0.76
522,Line#18,59.82,60.57,1601.00,200.00,653.79,0.75,,,,Poor ore,0,1,0.00,,,
523,Line#18,60.57,75.57,1601.00,200.00,645.92,15,0.75,67.68,0.65,Rich ore,1,0,1.00,0.34,0.03,0.51
524,Line#18,75.57,83.66,1601.00,200.00,634.38,8.09,1.07,67.03,0.20,Rich ore,1,0,1.00,0.59,0.03,0.61
525,Line#18,83.66,84.82,1601.00,200.00,629.75,1.16,,,,,0,0,,,,
526,Line#18,84.82,87.94,1601.00,200.00,627.61,3.12,,,,Rich ore,1,0,1.00,,,
527,Line#18,87.94,89.74,1601.00,200.00,625.15,1.8,,,,,0,0,,,,
528,Line#18,89.74,90.91,1601.00,200.00,623.66,1.17,,,,Rich ore,1,0,1.00,,,
529,Line#18,90.91,92.45,1601.00,200.00,622.31,1.54,,,,,0,0,,,,
530,Line#18,92.45,102.77,1601.00,200.00,616.38,10.32,0.61,67.29,0.36,Rich ore,1,0,1.00,0.67,0.03,0.50
531,Line#18,102.77,104.29,1601.00,200.00,610.46,1.52,,,,,0,0,,,,
532,Line#18,104.29,107.84,1601.00,200.00,607.92,3.55,,,,Rich ore,1,0,1.00,,,
533,Line#18,107.84,119.18,1601.00,200.00,600.48,11.34,,,,Poor ore,0,1,0.00,,,
534,Line#19,0,15,1601.00,603.00,652.11,15,0.64,65.75,-0.43,Rich ore,1,0,1.00,0.55,0.24,0.28
535,Line#19,15,30,1601.00,603.00,637.11,15,0.46,67.17,0.27,Rich ore,1,0,1.00,0.10,0.10,0.36
536,Line#19,30,45,1601.00,603.00,622.11,15,0.76,66.75,0.02,Rich ore,1,0,1.00,0.07,0.09,0.30
537,Line#19,45,58.2,1601.00,603.00,608.01,13.2,1.05,67.32,0.38,Rich ore,1,0,1.00,0.06,0.02,0.49
538,Line#19,58.2,58.5,1601.00,603.00,601.26,0.3,,,,,0,0,,,,
539,Line#19,58.5,70.35,1601.00,603.00,595.19,11.85,0.84,67.96,0.95,Rich ore,1,0,1.00,0.05,0.03,0.29
540,Line#19,70.35,70.95,1601.00,603.00,588.96,0.6,,,,,0,0,,,,
541,Line#19,70.95,71.51,1601.00,603.00,588.38,0.56,,,,Rich ore,1,0,1.00,,,
542,Line#19,71.51,72.45,1601.00,603.00,587.63,0.94,,,,,0,0,,,,
543,Line#19,72.45,87.45,1601.00,603.00,579.66,15,0.59,68.46,1.63,Rich ore,1,0,1.00,0.07,0.01,0.30
544,Line#19,87.45,102.45,1601.00,603.00,564.66,15,0.44,68.91,2.41,Rich ore,1,0,1.00,0.09,0.01,0.30
545,Line#19,102.45,114.07,1601.00,603.00,551.35,11.62,0.36,68.98,2.54,Rich ore,1,0,1.00,0.09,0.01,0.32
546,Line#19,114.07,114.35,1601.00,603.00,545.40,0.28,,,,,0,0,,,,
547,Line#19,114.35,121.8,1601.00,603.00,541.54,7.45,,,,Rich ore,1,0,1.00,,,
548,Line#19,121.8,121.9,1601.00,603.00,537.76,0.1,,,,,0,0,,,,
549,Line#19,121.9,142.89,1601.00,603.00,527.22,20.99,0.64,67.81,0.79,Rich ore,1,0,1.00,0.60,0.01,0.47
550,Line#19,142.89,143.27,1601.00,603.00,516.53,0.38,,,,,0,0,,,,
551,Line#19,143.27,144.52,1601.00,603.00,515.72,1.25,,,,Rich ore,1,0,1.00,,,
552,Line#19,144.52,145.29,1601.00,603.00,514.71,0.77,,,,,0,0,,,,
553,Line#19,145.29,155.37,1601.00,603.00,509.28,10.08,0.55,67.51,0.52,Rich ore,1,0,1.00,0.52,0.01,0.96
554,Line#19,155.37,155.6,1601.00,603.00,504.13,0.23,,,,,0,0,,,,
555,Line#19,155.6,168.67,1601.00,603.00,497.48,13.07,0.40,65.82,-0.40,Rich ore,1,0,1.00,1.90,0.01,0.63
556,Line#19,168.67,169,1601.00,603.00,490.78,0.33,,,,,0,0,,,,
557,Line#19,169,170.32,1601.00,603.00,489.95,1.32,,,,Rich ore,1,0,1.00,,,
558,Line#19,170.32,170.72,1601.00,603.00,489.09,0.4,,,,,0,0,,,,
559,Line#19,170.72,173.35,1601.00,603.00,487.58,2.63,,,,Rich ore,1,0,1.00,,,
560,Line#19,173.35,174.2,1601.00,603.00,485.84,0.85,,,,,0,0,,,,
561,Line#19,174.2,195.7,1601.00,603.00,474.66,21.5,0.72,67.22,0.31,Rich ore,1,0,1.00,0.35,0.01,1.53
562,Line#19,195.7,197.05,1601.00,603.00,463.24,1.35,,,,Poor ore,0,1,0.00,,,
563,Line#19,197.05,205.67,1601.00,603.00,458.25,8.62,0.62,67.90,0.88,Rich ore,1,0,1.00,0.38,0.01,0.81
564,Line#19,205.67,206.05,1601.00,603.00,453.75,0.38,,,,,0,0,,,,
565,Line#19,206.05,221.05,1601.00,603.00,446.06,15,0.80,64.52,-0.88,Rich ore,1,0,1.00,0.77,0.02,1.37
566,Line#19,221.05,232.84,1601.00,603.00,432.67,11.79,0.77,61.26,-1.46,Rich ore,1,0,1.00,0.88,0.02,1.50
567,Line#19,232.84,245.15,1601.00,603.00,420.62,12.31,,31.56,,Poor ore,0,1,0.00,1.04,0.03,
568,Line#20,0,16.9,1203.00,395.00,635.37,16.9,1.74,65.12,-0.66,Rich ore,1,0,1.00,0.08,0.23,0.87
569,Line#20,16.9,17.82,1203.00,395.00,626.46,0.92,,,,Poor ore,0,1,0.00,,,
570,Line#20,17.82,23.19,1203.00,395.00,623.32,5.37,,,,Rich ore,1,0,1.00,,,
571,Line#20,23.19,23.62,1203.00,395.00,620.42,0.43,,,,,0,0,,,,
572,Line#20,23.62,38.62,1203.00,395.00,612.70,15,2.22,65.57,-0.50,Rich ore,1,0,1.00,0.09,0.08,0.42
573,Line#20,38.62,53.62,1203.00,395.00,597.70,15,0.69,67.76,0.73,Rich ore,1,0,1.00,0.08,0.04,0.40
574,Line#20,53.62,68.62,1203.00,395.00,582.70,15,0.43,68.29,1.35,Rich ore,1,0,1.00,0.05,0.02,0.40
575,Line#20,68.62,80.3,1203.00,395.00,569.36,11.68,0.55,68.29,1.34,Rich ore,1,0,1.00,0.06,0.03,0.35
576,Line#20,80.3,80.77,1203.00,395.00,563.29,0.47,,,,,0,0,,,,
577,Line#20,80.77,82.73,1203.00,395.00,562.07,1.96,,,,Rich ore,1,0,1.00,,,
578,Line#20,82.73,83.28,1203.00,395.00,560.82,0.55,,,,,0,0,,,,
579,Line#20,83.28,84.2,1203.00,395.00,560.08,0.92,,,,Rich ore,1,0,1.00,,,
580,Line#20,84.2,84.52,1203.00,395.00,559.46,0.32,,,,,0,0,,,,
581,Line#20,84.52,88.73,1203.00,395.00,557.20,4.21,,,,Rich ore,1,0,1.00,,,
582,Line#20,88.73,90.43,1203.00,395.00,554.24,1.7,,,,,0,0,,,,
583,Line#20,90.43,100.05,1203.00,395.00,548.58,9.62,0.74,68.53,1.76,Rich ore,1,0,1.00,0.06,0.01,0.37
584,Line#20,100.05,100.2,1203.00,395.00,543.70,0.15,,,,,0,0,,,,
585,Line#20,100.2,102.2,1203.00,395.00,542.62,2,,,,Rich ore,1,0,1.00,,,
586,Line#20,102.2,103.16,1203.00,395.00,541.14,0.96,,,,,0,0,,,,
587,Line#20,103.16,106.7,1203.00,395.00,538.89,3.54,,,,Rich ore,1,0,1.00,,,
588,Line#20,106.7,107.1,1203.00,395.00,536.92,0.4,,,,,0,0,,,,
589,Line#20,107.1,108.7,1203.00,395.00,535.92,1.6,,,,Rich ore,1,0,1.00,,,
590,Line#20,108.7,109.87,1203.00,395.00,534.54,1.17,,,,,0,0,,,,
591,Line#20,109.87,112.26,1203.00,395.00,532.76,2.39,,,,Rich ore,1,0,1.00,,,
592,Line#20,112.26,112.99,1203.00,395.00,531.20,0.73,,,,,0,0,,,,
593,Line#20,112.99,113.65,1203.00,395.00,530.50,0.66,,,,Rich ore,1,0,1.00,,,
594,Line#20,113.65,114.93,1203.00,395.00,529.53,1.28,,,,,0,0,,,,
595,Line#20,114.93,118.64,1203.00,395.00,527.04,3.71,,,,Rich ore,1,0,1.00,,,
596,Line#20,118.64,118.83,1203.00,395.00,525.09,0.19,,,,,0,0,,,,
597,Line#20,118.83,122.29,1203.00,395.00,523.26,3.46,,,,Rich ore,1,0,1.00,,,
598,Line#20,122.29,124.2,1203.00,395.00,520.58,1.91,,,,,0,0,,,,
599,Line#20,124.2,125.44,1203.00,395.00,519.00,1.24,,,,Rich ore,1,0,1.00,,,
600,Line#20,125.44,126.45,1203.00,395.00,517.88,1.01,,,,,0,0,,,,
601,Line#20,126.45,142.67,1203.00,395.00,509.26,16.22,0.21,69.02,2.63,Rich ore,1,0,1.00,0.06,0.02,0.44
602,Line#20,142.67,142.9,1203.00,395.00,501.04,0.23,,,,,0,0,,,,
603,Line#20,142.9,147.55,1203.00,395.00,498.60,4.65,,,,Rich ore,1,0,1.00,,,
604,Line#20,147.55,150.6,1203.00,395.00,494.75,3.05,,,,,0,0,,,,
605,Line#20,150.6,151.31,1203.00,395.00,492.87,0.71,,,,Rich ore,1,0,1.00,,,
606,Line#20,151.31,152.2,1203.00,395.00,492.07,0.89,,,,,0,0,,,,
607,Line#20,152.2,167.2,1203.00,395.00,484.12,15,0.17,69.17,3.24,Rich ore,1,0,1.00,0.07,0.01,0.32
608,Line#20,167.2,182.2,1203.00,395.00,469.12,15,0.14,69.13,2.91,Rich ore,1,0,1.00,0.10,0.01,0.39
609,Line#20,182.2,197.2,1203.00,395.00,454.12,15,0.11,69.10,2.74,Rich ore,1,0,1.00,0.11,0.01,0.31
610,Line#20,197.2,212.2,1203.00,395.00,439.12,15,,,,Rich ore,1,0,1.00,,,
611,Line#20,212.2,227.2,1203.00,395.00,424.12,15,1.54,66.73,0.01,Rich ore,1,0,1.00,0.36,0.02,0.48
612,Line#20,227.2,242.2,1203.00,395.00,409.12,15,0.16,68.97,2.47,Rich ore,1,0,1.00,0.20,0.01,0.37
613,Line#20,242.2,254.06,1203.00,395.00,395.69,11.86,0.55,68.38,1.42,Rich ore,1,0,1.00,0.25,0.01,0.43
614,Line#20,254.06,254.51,1203.00,395.00,389.54,0.45,,,,,0,0,,,,
615,Line#20,254.51,260.14,1203.00,395.00,386.50,5.63,,,,Rich ore,1,0,1.00,,,
616,Line#20,260.14,260.88,1203.00,395.00,383.31,0.74,,,,,0,0,,,,
617,Line#20,260.88,262.77,1203.00,395.00,382.00,1.89,,,,Rich ore,1,0,1.00,,,
618,Line#20,262.77,263.07,1203.00,395.00,380.90,0.3,,,,,0,0,,,,
619,Line#20,263.07,264.89,1203.00,395.00,379.84,1.82,,,,Rich ore,1,0,1.00,,,
620,Line#20,264.89,279.77,1203.00,395.00,371.49,14.88,,16.57,,Poor ore,0,1,0.00,0.31,0.02,
621,Line#21,0,8.05,1575.00,404.00,667.38,8.05,2.35,62.64,-1.23,Rich ore,1,0,1.00,0.08,0.33,0.23
622,Line#21,8.05,9.45,1575.00,404.00,662.65,1.4,,,,,0,0,,,,
623,Line#21,9.45,19.78,1575.00,404.00,656.78,10.33,0.81,62.98,-1.17,Rich ore,1,0,1.00,0.06,0.29,3.33
624,Line#21,19.78,21.28,1575.00,404.00,650.87,1.5,,,,,0,0,,,,
625,Line#21,21.28,39.84,1575.00,404.00,640.84,18.56,1.24,66.34,-0.19,Rich ore,1,0,1.00,0.14,0.14,0.37
626,Line#21,39.84,39.91,1575.00,404.00,631.52,0.07,,,,,0,0,,,,
627,Line#21,39.91,40.41,1575.00,404.00,631.24,0.5,,,,Rich ore,1,0,1.00,,,
628,Line#21,40.41,41.62,1575.00,404.00,630.38,1.21,,,,,0,0,,,,
629,Line#21,41.62,43.68,1575.00,404.00,628.75,2.06,,,,Rich ore,1,0,1.00,,,
630,Line#21,43.68,44.18,1575.00,404.00,627.47,0.5,,,,,0,0,,,,
631,Line#21,44.18,54.54,1575.00,404.00,622.04,10.36,1.21,66.85,0.10,Rich ore,1,0,1.00,0.12,0.07,0.46
632,Line#21,54.54,55.14,1575.00,404.00,616.56,0.6,,,,,0,0,,,,
633,Line#21,55.14,60.42,1575.00,404.00,613.62,5.28,,,,Rich ore,1,0,1.00,,,
634,Line#21,60.42,62.28,1575.00,404.00,610.05,1.86,,,,Poor ore,0,1,0.00,,,
635,Line#21,62.28,63.28,1575.00,404.00,608.62,1,,,,Rich ore,1,0,1.00,,,
636,Line#21,63.28,63.56,1575.00,404.00,607.98,0.28,,,,Poor ore,0,1,0.00,,,
637,Line#21,63.56,78.56,1575.00,404.00,600.34,15,2.10,66.36,-0.18,Rich ore,1,0,1.00,0.34,0.05,0.41
638,Line#21,78.56,89.61,1575.00,404.00,587.31,11.05,1.23,67.15,0.26,Rich ore,1,0,1.00,0.40,0.02,0.50
639,Line#21,89.61,90.71,1575.00,404.00,581.24,1.1,,,,,0,0,,,,
640,Line#21,90.71,93.84,1575.00,404.00,579.13,3.13,,,,Rich ore,1,0,1.00,,,
641,Line#21,93.84,94.44,1575.00,404.00,577.26,0.6,,,,,0,0,,,,
642,Line#21,94.44,100.61,1575.00,404.00,573.88,6.17,,,,Rich ore,1,0,1.00,,,
643,Line#21,100.61,101.58,1575.00,404.00,570.30,0.97,,,,,0,0,,,,
644,Line#21,101.58,102.28,1575.00,404.00,569.47,0.7,,,,Rich ore,1,0,1.00,,,
645,Line#21,102.28,103.46,1575.00,404.00,568.53,1.18,,,,,0,0,,,,
646,Line#21,103.46,104.48,1575.00,404.00,567.43,1.02,,,,Rich ore,1,0,1.00,,,
647,Line#21,104.48,105.2,1575.00,404.00,566.56,0.72,,,,,0,0,,,,
648,Line#21,105.2,109.04,1575.00,404.00,564.28,3.84,,,,Rich ore,1,0,1.00,,,
649,Line#21,109.04,109.31,1575.00,404.00,562.22,0.27,,,,,0,0,,,,
650,Line#21,109.31,114.97,1575.00,404.00,559.26,5.66,,,,Rich ore,1,0,1.00,,,
651,Line#21,114.97,116.25,1575.00,404.00,555.79,1.28,,,,,0,0,,,,
652,Line#21,116.25,131.25,1575.00,404.00,547.65,15,0.40,68.52,1.71,Rich ore,1,0,1.00,0.24,0.01,0.45
653,Line#21,131.25,151.82,1575.00,404.00,529.87,20.57,1.18,67.20,0.29,Rich ore,1,0,1.00,0.35,0.01,0.47
654,Line#21,151.82,152.32,1575.00,404.00,519.33,0.5,,,,,0,0,,,,
655,Line#21,152.32,164.02,1575.00,404.00,513.23,11.7,0.72,68.00,1.00,Rich ore,1,0,1.00,0.30,0.01,0.74
656,Line#21,164.02,180.98,1575.00,404.00,498.90,16.96,,,,Poor ore,0,1,0.00,,,
657,Line#22,0,15,1897.00,404.00,714.41,15,0.61,67.73,0.71,Rich ore,1,0,1.00,0.05,0.08,0.64
658,Line#22,15,25.64,1897.00,404.00,701.59,10.64,0.43,68.80,2.27,Rich ore,1,0,1.00,0.06,0.03,0.60
659,Line#22,25.64,25.94,1897.00,404.00,696.12,0.3,,,,,0,0,,,,
660,Line#22,25.94,26.7,1897.00,404.00,695.59,0.76,,,,Rich ore,1,0,1.00,,,
661,Line#22,26.7,27.3,1897.00,404.00,694.91,0.6,,,,,0,0,,,,
662,Line#22,27.3,35.37,1897.00,404.00,690.57,8.07,0.41,68.34,1.38,Rich ore,1,0,1.00,0.06,0.02,1.14
663,Line#22,35.37,35.68,1897.00,404.00,686.38,0.31,,,,,0,0,,,,
664,Line#22,35.68,35.95,1897.00,404.00,686.09,0.27,,,,Rich ore,1,0,1.00,,,
665,Line#22,35.95,36.63,1897.00,404.00,685.62,0.68,,,,,0,0,,,,
666,Line#22,36.63,38.3,1897.00,404.00,684.44,1.67,,,,Rich ore,1,0,1.00,,,
667,Line#22,38.3,39.1,1897.00,404.00,683.21,0.8,,,,,0,0,,,,
668,Line#22,39.1,39.35,1897.00,404.00,682.68,0.25,,,,Rich ore,1,0,1.00,,,
669,Line#22,39.35,39.57,1897.00,404.00,682.45,0.22,,,,,0,0,,,,
670,Line#22,39.57,45.24,1897.00,404.00,679.50,5.67,,,,Rich ore,1,0,1.00,,,
671,Line#22,45.24,47.7,1897.00,404.00,675.44,2.46,,,,Poor ore,0,1,0.00,,,
672,Line#22,47.7,56.08,1897.00,404.00,670.02,8.38,1.07,67.23,0.31,Rich ore,1,0,1.00,0.50,0.02,0.72
673,Line#22,56.08,58.14,1897.00,404.00,664.80,2.06,,,,,0,0,,,,
674,Line#22,58.14,71.02,1897.00,404.00,657.33,12.88,0.47,68.43,1.52,Rich ore,1,0,1.00,0.13,0.01,0.75
675,Line#22,71.02,72.26,1897.00,404.00,650.27,1.24,,,,,0,0,,,,
676,Line#22,72.26,83.89,1897.00,404.00,643.83,11.63,0.72,68.02,1.03,Rich ore,1,0,1.00,0.11,0.02,0.67
677,Line#22,83.89,84.42,1897.00,404.00,637.75,0.53,,,,,0,0,,,,
678,Line#22,84.42,105.69,1897.00,404.00,626.85,21.27,1.71,66.85,0.09,Rich ore,1,0,1.00,0.21,0.03,0.53
679,Line#22,105.69,106.21,1897.00,404.00,615.96,0.52,,,,,0,0,,,,
680,Line#22,106.21,121.21,1897.00,404.00,608.20,15,1.22,66.74,0.02,Rich ore,1,0,1.00,0.67,0.02,0.48
681,Line#22,121.21,136.21,1897.00,404.00,593.20,15,2.95,64.06,-0.99,Rich ore,1,0,1.00,1.28,0.03,0.47
682,Line#22,136.21,153.78,1897.00,404.00,576.91,17.57,2.51,63.33,-1.11,Rich ore,1,0,1.00,1.61,0.03,0.80
683,Line#22,153.78,161.1,1897.00,404.00,564.47,7.32,,,,Poor ore,0,1,0.00,,,
684,Line#23,0,15,1799.00,603.00,685.02,15,0.85,65.65,-0.46,Rich ore,1,0,1.00,0.09,0.25,0.34
685,Line#23,15,28.08,1799.00,603.00,670.98,13.08,0.28,67.85,0.83,Rich ore,1,0,1.00,0.14,0.03,0.43
686,Line#23,28.08,28.18,1799.00,603.00,664.39,0.1,,,,,0,0,,,,
687,Line#23,28.18,43.18,1799.00,603.00,656.84,15,0.16,67.98,0.99,Rich ore,1,0,1.00,0.37,0.02,0.52
688,Line#23,43.18,58.18,1799.00,603.00,641.84,15,0.14,68.05,1.07,Rich ore,1,0,1.00,0.29,0.01,0.60
689,Line#23,58.18,73.18,1799.00,603.00,626.84,15,0.13,68.44,1.57,Rich ore,1,0,1.00,0.18,0.02,0.55
690,Line#23,73.18,93.32,1799.00,603.00,609.27,20.14,0.21,68.35,1.39,Rich ore,1,0,1.00,0.22,0.01,0.57
691,Line#23,93.32,93.62,1799.00,603.00,599.05,0.3,,,,,0,0,,,,
692,Line#23,93.62,108.62,1799.00,603.00,591.40,15,0.47,67.94,0.92,Rich ore,1,0,1.00,0.39,0.01,0.41
693,Line#23,108.62,123.62,1799.00,603.00,576.40,15,1.03,67.83,0.81,Rich ore,1,0,1.00,0.17,0.02,0.46
694,Line#23,123.62,133.17,1799.00,603.00,564.13,9.55,2.01,66.41,-0.16,Rich ore,1,0,1.00,0.14,0.02,0.60
695,Line#23,133.17,139.02,1799.00,603.00,556.42,5.85,,,,,0,0,,,,
696,Line#23,139.02,154.02,1799.00,603.00,546.00,15,0.79,68.26,1.32,Rich ore,1,0,1.00,0.12,0.01,0.66
697,Line#23,154.02,169.02,1799.00,603.00,531.00,15,0.49,68.64,1.92,Rich ore,1,0,1.00,0.11,0.01,0.53
698,Line#23,169.02,184.02,1799.00,603.00,516.00,15,0.60,68.05,1.06,Rich ore,1,0,1.00,0.26,0.02,0.80
699,Line#23,184.02,198.57,1799.00,603.00,501.23,14.55,1.19,64.59,-0.86,Rich ore,1,0,1.00,0.71,0.02,2.22
700,Line#23,198.57,207.04,1799.00,603.00,489.72,8.47,,,,Poor ore,0,1,0.00,,,
701,Line#24,0,15,814.00,216.00,643.96,15,2.10,62.46,-1.27,Rich ore,1,0,1.00,0.10,0.29,2.68
702,Line#24,15,36.6,814.00,216.00,625.66,21.6,1.78,63.45,-1.09,Rich ore,1,0,1.00,0.07,0.19,2.03
703,Line#24,36.6,37.35,814.00,216.00,614.49,0.75,,,,,0,0,,,,
704,Line#24,37.35,37.45,814.00,216.00,614.06,0.1,,,,Rich ore,1,0,1.00,,,
705,Line#24,37.45,39.31,814.00,216.00,613.08,1.86,,,,,0,0,,,,
706,Line#24,39.31,57.3,814.00,216.00,603.16,17.99,0.32,67.96,0.94,Rich ore,1,0,1.00,0.07,0.03,0.48
707,Line#24,57.3,57.34,814.00,216.00,594.14,0.04,,,,,0,0,,,,
708,Line#24,57.34,72.34,814.00,216.00,586.62,15,0.93,67.70,0.67,Rich ore,1,0,1.00,0.07,0.04,0.43
709,Line#24,72.34,87.34,814.00,216.00,571.62,15,0.74,67.96,0.97,Rich ore,1,0,1.00,0.06,0.02,0.42
710,Line#24,87.34,96.01,814.00,216.00,559.79,8.67,0.71,67.90,0.88,Rich ore,1,0,1.00,0.07,0.03,0.33
711,Line#24,96.01,96.51,814.00,216.00,555.20,0.5,,,,,0,0,,,,
712,Line#24,96.51,111.46,814.00,216.00,547.48,14.95,0.79,67.87,0.85,Rich ore,1,0,1.00,0.06,0.03,0.40
713,Line#24,111.46,112.27,814.00,216.00,539.60,0.81,,,,,0,0,,,,
714,Line#24,112.27,114.77,814.00,216.00,537.94,2.5,,,,Rich ore,1,0,1.00,,,
715,Line#24,114.77,117.24,814.00,216.00,535.46,2.47,,,,,0,0,,,,
716,Line#24,117.24,123.09,814.00,216.00,531.30,5.85,,,,Rich ore,1,0,1.00,,,
717,Line#24,123.09,125.03,814.00,216.00,527.40,1.94,,,,,0,0,,,,
718,Line#24,125.03,133.36,814.00,216.00,522.27,8.33,0.65,67.59,0.58,Rich ore,1,0,1.00,0.05,0.02,1.02
719,Line#24,133.36,133.95,814.00,216.00,517.81,0.59,,,,,0,0,,,,
720,Line#24,133.95,148.95,814.00,216.00,510.01,15,0.99,67.79,0.77,Rich ore,1,0,1.00,0.08,0.02,0.44
721,Line#24,148.95,163.95,814.00,216.00,495.01,15,0.62,67.88,0.86,Rich ore,1,0,1.00,0.07,0.02,0.44
722,Line#24,163.95,182.59,814.00,216.00,478.19,18.64,0.93,67.90,0.89,Rich ore,1,0,1.00,0.05,0.01,0.38
723,Line#24,182.59,183.17,814.00,216.00,468.58,0.58,,,,,0,0,,,,
724,Line#24,183.17,198.17,814.00,216.00,460.79,15,1.24,67.96,0.94,Rich ore,1,0,1.00,0.09,0.01,0.26
725,Line#24,198.17,206.63,814.00,216.00,449.06,8.46,,65.63,-0.48,Rich ore,1,0,1.00,0.17,0.02,
726,Line#24,206.63,208.91,814.00,216.00,443.69,2.28,,,,Poor ore,0,1,0.00,,,
727,Line#24,208.91,223.91,814.00,216.00,435.05,15,1.37,66.30,-0.21,Rich ore,1,0,1.00,0.53,0.01,1.44
728,Line#24,223.91,240.84,814.00,216.00,419.09,16.93,1.56,64.00,-1.00,Rich ore,1,0,1.00,0.35,0.02,2.38
729,Line#24,240.84,257.38,814.00,216.00,402.35,16.54,,19.51,,Poor ore,0,1,0.00,0.72,0.01,
730,Line#25,0,15,1800.00,1173.00,739.55,15,0.83,66.54,-0.06,Rich ore,1,0,1.00,0.15,0.08,0.39
731,Line#25,15,32.17,1800.00,1173.00,723.46,17.17,0.91,67.51,0.51,Rich ore,1,0,1.00,0.28,0.05,0.40
732,Line#25,32.17,33.54,1800.00,1173.00,714.19,1.37,,,,,0,0,,,,
733,Line#25,33.54,39.8,1800.00,1173.00,710.38,6.26,,,,Rich ore,1,0,1.00,,,
734,Line#25,39.8,40.4,1800.00,1173.00,706.95,0.6,,,,,0,0,,,,
735,Line#25,40.4,44.92,1800.00,1173.00,704.39,4.52,,,,Rich ore,1,0,1.00,,,
736,Line#25,44.92,45.04,1800.00,1173.00,702.07,0.12,,,,,0,0,,,,
737,Line#25,45.04,55.66,1800.00,1173.00,696.70,10.62,1.87,65.21,-0.60,Rich ore,1,0,1.00,0.76,0.03,0.83
738,Line#25,55.66,56.13,1800.00,1173.00,691.15,0.47,,,,,0,0,,,,
739,Line#25,56.13,76.92,1800.00,1173.00,680.52,20.79,1.66,58.97,-1.77,Rich ore,1,0,1.00,4.67,0.05,1.73
740,Line#25,76.92,77.42,1800.00,1173.00,669.88,0.5,,,,,0,0,,,,
741,Line#25,77.42,77.77,1800.00,1173.00,669.45,0.35,,,,Rich ore,1,0,1.00,,,
742,Line#25,77.77,78.01,1800.00,1173.00,669.16,0.24,,,,,0,0,,,,
743,Line#25,78.01,93.02,1800.00,1173.00,661.53,15.01,1.63,43.52,-2.91,Rich ore,1,0,1.00,12.50,0.09,14.38
744,Line#25,93.02,93.16,1800.00,1173.00,653.96,0.14,,,,,0,0,,,,
745,Line#25,93.16,111.63,1800.00,1173.00,644.65,18.47,5.43,38.06,-3.24,Rich ore,1,0,1.00,9.51,0.10,11.65
746,Line#25,111.63,120.18,1800.00,1173.00,631.14,8.55,10.07,42.50,,Poor ore,0,1,0.00,0.86,0.04,15.80
747,Line#26,0,13.39,1597.00,962.00,657.04,13.39,1.09,65.18,-0.63,Rich ore,1,0,1.00,0.17,0.20,1.09
748,Line#26,13.39,14.16,1597.00,962.00,649.97,0.77,,,,,0,0,,,,
749,Line#26,14.16,29.16,1597.00,962.00,642.08,15,1.42,65.80,-0.41,Rich ore,1,0,1.00,0.37,0.17,0.85
750,Line#26,29.16,40.59,1597.00,962.00,628.87,11.43,0.75,66.82,0.07,Rich ore,1,0,1.00,0.12,0.09,0.79
751,Line#26,40.59,41.26,1597.00,962.00,622.82,0.67,,,,,0,0,,,,
752,Line#26,41.26,43.31,1597.00,962.00,621.46,2.05,,,,Rich ore,1,0,1.00,,,
753,Line#26,43.31,43.37,1597.00,962.00,620.40,0.06,,,,,0,0,,,,
754,Line#26,43.37,52.07,1597.00,962.00,616.02,8.7,0.70,66.92,0.13,Rich ore,1,0,1.00,0.07,0.10,0.89
755,Line#26,52.07,53.42,1597.00,962.00,611.00,1.35,,,,,0,0,,,,
756,Line#26,53.42,56.55,1597.00,962.00,608.75,3.13,,,,Rich ore,1,0,1.00,,,
757,Line#26,56.55,57.35,1597.00,962.00,606.79,0.8,,,,,0,0,,,,
758,Line#26,57.35,58.97,1597.00,962.00,605.58,1.62,,,,Rich ore,1,0,1.00,,,
759,Line#26,58.97,59.68,1597.00,962.00,604.41,0.71,,,,,0,0,,,,
760,Line#26,59.68,69.75,1597.00,962.00,599.02,10.07,0.55,66.87,0.10,Rich ore,1,0,1.00,0.49,0.03,0.72
761,Line#26,69.75,70.25,1597.00,962.00,593.74,0.5,,,,,0,0,,,,
762,Line#26,70.25,72.9,1597.00,962.00,592.16,2.65,,,,Rich ore,1,0,1.00,,,
763,Line#26,72.9,74.25,1597.00,962.00,590.16,1.35,,,,,0,0,,,,
764,Line#26,74.25,94.21,1597.00,962.00,579.51,19.96,0.67,67.22,0.31,Rich ore,1,0,1.00,0.51,0.03,0.96
765,Line#26,94.21,104.98,1597.00,962.00,564.14,10.77,10.60,25.10,,Poor ore,0,1,0.00,0.34,0.03,40.60
766,Line#26,104.98,122.01,1597.00,962.00,550.24,17.03,0.57,67.57,0.57,Rich ore,1,0,1.00,0.25,0.02,0.95
767,Line#26,122.01,123.36,1597.00,962.00,541.05,1.35,,,,,0,0,,,,
768,Line#26,123.36,128.23,1597.00,962.00,537.94,4.87,,,,Rich ore,1,0,1.00,,,
769,Line#26,128.23,129.2,1597.00,962.00,535.02,0.97,,,,Poor ore,0,1,0.00,,,
770,Line#27,0,11.83,808.00,5.00,700.66,11.83,0.92,66.10,-0.28,Rich ore,1,0,1.00,0.08,0.14,0.21
771,Line#27,11.83,12.05,808.00,5.00,694.63,0.22,,,,,0,0,,,,
772,Line#27,12.05,26.78,808.00,5.00,687.16,14.73,0.32,68.46,1.62,Rich ore,1,0,1.00,0.09,0.03,0.41
773,Line#27,26.78,27.77,808.00,5.00,679.30,0.99,,,,,0,0,,,,
774,Line#27,27.77,42.77,808.00,5.00,671.30,15,0.20,68.23,1.28,Rich ore,1,0,1.00,0.11,0.01,0.37
775,Line#27,42.77,63.56,808.00,5.00,653.41,20.79,0.86,67.17,0.27,Rich ore,1,0,1.00,0.37,0.02,0.33
776,Line#27,63.56,64.38,808.00,5.00,642.60,0.82,,,,,0,0,,,,
777,Line#27,64.38,65.07,808.00,5.00,641.85,0.69,,,,Rich ore,1,0,1.00,,,
778,Line#27,65.07,65.97,808.00,5.00,641.05,0.9,,,,,0,0,,,,
779,Line#27,65.97,78.7,808.00,5.00,634.24,12.73,1.35,66.81,0.07,Rich ore,1,0,1.00,0.27,0.01,0.25
780,Line#27,78.7,78.93,808.00,5.00,627.76,0.23,,,,,0,0,,,,
781,Line#27,78.93,93.02,808.00,5.00,620.60,14.09,1.48,66.13,-0.27,Rich ore,1,0,1.00,0.21,0.02,0.22
782,Line#27,93.02,93.58,808.00,5.00,613.27,0.56,,,,,0,0,,,,
783,Line#27,93.58,107.87,808.00,5.00,605.85,14.29,0.62,67.82,0.79,Rich ore,1,0,1.00,0.34,0.01,0.33
784,Line#27,107.87,108.02,808.00,5.00,598.63,0.15,,,,,0,0,,,,
785,Line#27,108.02,116.51,808.00,5.00,594.31,8.49,1.07,66.67,-0.01,Rich ore,1,0,1.00,0.57,0.02,0.53
786,Line#27,116.51,117.86,808.00,5.00,589.39,1.35,,,,Poor ore,0,1,0.00,,,
787,Line#27,117.86,127.23,808.00,5.00,584.03,9.37,0.41,67.42,0.46,Rich ore,1,0,1.00,0.64,0.01,0.99
788,Line#27,127.23,130.53,808.00,5.00,577.69,3.3,,,,Poor ore,0,1,0.00,,,
789,Line#27,130.53,138.34,808.00,5.00,572.14,7.81,0.80,63.28,-1.11,Rich ore,1,0,1.00,1.35,0.02,3.92
790,Line#27,138.34,153.34,808.00,5.00,560.73,15,,,,Poor ore,0,1,0.00,,,
791,Line#27,153.34,161.67,808.00,5.00,549.07,8.33,,,,Poor ore,0,1,0.00,,,
792,Line#28,0,15,1203.00,-214.00,794.86,15,2.41,64.33,-0.92,Rich ore,1,0,1.00,0.10,0.11,0.96
793,Line#28,15,30,1203.00,-214.00,779.86,15,0.64,68.25,1.31,Rich ore,1,0,1.00,0.13,0.02,0.49
794,Line#28,30,45,1203.00,-214.00,764.86,15,0.74,68.58,1.85,Rich ore,1,0,1.00,0.07,0.01,0.24
795,Line#28,45,60,1203.00,-214.00,749.86,15,0.52,68.77,2.16,Rich ore,1,0,1.00,0.07,0.01,0.34
796,Line#28,60,75,1203.00,-214.00,734.86,15,0.56,68.84,2.31,Rich ore,1,0,1.00,0.07,0.01,0.35
797,Line#28,75,89.71,1203.00,-214.00,720.00,14.71,0.93,68.12,1.11,Rich ore,1,0,1.00,0.19,0.02,0.28
798,Line#28,89.71,89.95,1203.00,-214.00,712.53,0.24,,,,,0,0,,,,
799,Line#28,89.95,104.95,1203.00,-214.00,704.91,15,1.10,67.71,0.68,Rich ore,1,0,1.00,0.21,0.02,0.47
800,Line#28,104.95,116.44,1203.00,-214.00,691.66,11.49,2.00,65.02,-0.70,Rich ore,1,0,1.00,0.37,0.02,1.92
801,Line#28,116.44,117.04,1203.00,-214.00,685.62,0.6,,,,,0,0,,,,
802,Line#28,117.04,131.45,1203.00,-214.00,678.12,14.41,0.44,67.82,0.80,Rich ore,1,0,1.00,0.60,0.02,0.45
803,Line#28,131.45,132.47,1203.00,-214.00,670.40,1.02,,,,,0,0,,,,
804,Line#28,132.47,137.35,1203.00,-214.00,667.45,4.88,,,,Rich ore,1,0,1.00,,,
805,Line#28,137.35,137.53,1203.00,-214.00,664.92,0.18,,,,,0,0,,,,
806,Line#28,137.53,139.56,1203.00,-214.00,663.82,2.03,,,,Rich ore,1,0,1.00,,,
807,Line#28,139.56,140.2,1203.00,-214.00,662.48,0.64,,,,,0,0,,,,
808,Line#28,140.2,143.65,1203.00,-214.00,660.43,3.45,,,,Rich ore,1,0,1.00,,,
809,Line#28,143.65,144.72,1203.00,-214.00,658.17,1.07,,,,,0,0,,,,
810,Line#28,144.72,145.25,1203.00,-214.00,657.38,0.53,,,,Rich ore,1,0,1.00,,,
811,Line#28,145.25,152.35,1203.00,-214.00,653.56,7.1,,,,Poor ore,0,1,0.00,,,
812,Line#28,152.35,155.4,1203.00,-214.00,648.49,3.05,,,,,0,0,,,,
813,Line#28,155.4,168.26,1203.00,-214.00,640.53,12.86,,,,Poor ore,0,1,0.00,,,
814,Line#29,0,1.15,1797.00,967.00,724.18,1.15,,,,Rich ore,1,0,1.00,,,
815,Line#29,1.15,1.55,1797.00,967.00,723.41,0.4,,,,,0,0,,,,
816,Line#29,1.55,1.87,1797.00,967.00,723.05,0.32,,,,Rich ore,1,0,1.00,,,
817,Line#29,1.87,2.47,1797.00,967.00,722.59,0.6,,,,,0,0,,,,
818,Line#29,2.47,16.79,1797.00,967.00,715.13,14.32,0.64,66.44,-0.15,Rich ore,1,0,1.00,0.07,0.16,0.26
819,Line#29,16.79,17.31,1797.00,967.00,707.71,0.52,,,,,0,0,,,,
820,Line#29,17.31,17.91,1797.00,967.00,707.15,0.6,,,,Rich ore,1,0,1.00,,,
821,Line#29,17.91,18.81,1797.00,967.00,706.40,0.9,,,,,0,0,,,,
822,Line#29,18.81,19.36,1797.00,967.00,705.67,0.55,,,,Rich ore,1,0,1.00,,,
823,Line#29,19.36,20.31,1797.00,967.00,704.92,0.95,,,,,0,0,,,,
824,Line#29,20.31,28.45,1797.00,967.00,700.38,8.14,0.13,68.13,1.12,Rich ore,1,0,1.00,0.28,0.01,0.76
825,Line#29,28.45,28.85,1797.00,967.00,696.11,0.4,,,,,0,0,,,,
826,Line#29,28.85,37.04,1797.00,967.00,691.81,8.19,0.21,68.22,1.27,Rich ore,1,0,1.00,0.07,0.01,0.91
827,Line#29,37.04,37.68,1797.00,967.00,687.40,0.64,,,,,0,0,,,,
828,Line#29,37.68,41.49,1797.00,967.00,685.17,3.81,,,,Rich ore,1,0,1.00,,,
829,Line#29,41.49,41.56,1797.00,967.00,683.24,0.07,,,,,0,0,,,,
830,Line#29,41.56,41.75,1797.00,967.00,683.11,0.19,,,,Rich ore,1,0,1.00,,,
831,Line#29,41.75,41.93,1797.00,967.00,682.92,0.18,,,,,0,0,,,,
832,Line#29,41.93,48.74,1797.00,967.00,679.42,6.81,,,,Rich ore,1,0,1.00,,,
833,Line#29,48.74,53.34,1797.00,967.00,673.72,4.6,,,,Poor ore,0,1,0.00,,,
834,Line#29,53.34,54.16,1797.00,967.00,671.01,0.82,,,,,0,0,,,,
835,Line#29,54.16,56.2,1797.00,967.00,669.58,2.04,,,,Poor ore,0,1,0.00,,,
836,Line#29,56.2,57.15,1797.00,967.00,668.09,0.95,,,,,0,0,,,,
837,Line#29,57.15,62.2,1797.00,967.00,665.09,5.05,,,,Poor ore,0,1,0.00,,,
838,Line#29,62.2,63.68,1797.00,967.00,661.82,1.48,,,,,0,0,,,,
839,Line#29,63.68,64.23,1797.00,967.00,660.80,0.55,,,,Rich ore,1,0,1.00,,,
840,Line#29,64.23,65.12,1797.00,967.00,660.08,0.89,,,,,0,0,,,,
841,Line#29,65.12,68.82,1797.00,967.00,657.79,3.7,,,,Rich ore,1,0,1.00,,,
842,Line#29,68.82,69.45,1797.00,967.00,655.63,0.63,,,,,0,0,,,,
843,Line#29,69.45,69.51,1797.00,967.00,655.28,0.06,,,,Rich ore,1,0,1.00,,,
844,Line#29,69.51,70.59,1797.00,967.00,654.71,1.08,,,,,0,0,,,,
845,Line#29,70.59,71.43,1797.00,967.00,653.75,0.84,,,,Rich ore,1,0,1.00,,,
846,Line#29,71.43,72.49,1797.00,967.00,652.80,1.06,,,,,0,0,,,,
847,Line#29,72.49,75.73,1797.00,967.00,650.65,3.24,,,,Rich ore,1,0,1.00,,,
848,Line#29,75.73,77.56,1797.00,967.00,648.12,1.83,,,,,0,0,,,,
849,Line#29,77.56,80.1,1797.00,967.00,645.93,2.54,,,,Rich ore,1,0,1.00,,,
850,Line#29,80.1,80.5,1797.00,967.00,644.46,0.4,,,,,0,0,,,,
851,Line#29,80.5,84.9,1797.00,967.00,642.06,4.4,,,,Rich ore,1,0,1.00,,,
852,Line#29,84.9,84.95,1797.00,967.00,639.83,0.05,,,,,0,0,,,,
853,Line#29,84.95,94.24,1797.00,967.00,635.16,9.29,0.35,64.36,-0.91,Rich ore,1,0,1.00,2.85,0.02,0.71
854,Line#29,94.24,94.76,1797.00,967.00,630.26,0.52,,,,,0,0,,,,
855,Line#29,94.76,95.8,1797.00,967.00,629.48,1.04,,,,Rich ore,1,0,1.00,,,
856,Line#29,95.8,96.17,1797.00,967.00,628.77,0.37,,,,,0,0,,,,
857,Line#29,96.17,104.54,1797.00,967.00,624.40,8.37,0.46,68.47,1.64,Rich ore,1,0,1.00,0.11,0.02,0.59
858,Line#29,104.54,104.82,1797.00,967.00,620.08,0.28,,,,,0,0,,,,
859,Line#29,104.82,110.47,1797.00,967.00,617.12,5.65,,,,Rich ore,1,0,1.00,,,
860,Line#29,110.47,110.73,1797.00,967.00,614.16,0.26,,,,,0,0,,,,
861,Line#29,110.73,117.45,1797.00,967.00,610.67,6.72,,,,Rich ore,1,0,1.00,,,
862,Line#29,117.45,118.91,1797.00,967.00,606.58,1.46,,,,Poor ore,0,1,0.00,,,
863,Line#29,118.91,133.91,1797.00,967.00,598.35,15,0.43,68.06,1.08,Rich ore,1,0,1.00,0.10,0.03,0.67
864,Line#29,133.91,152.51,1797.00,967.00,581.55,18.6,0.78,66.41,-0.15,Rich ore,1,0,1.00,0.21,0.02,2.04
865,Line#29,152.51,153.21,1797.00,967.00,571.90,0.7,,,,,0,0,,,,
866,Line#29,153.21,160.73,1797.00,967.00,567.79,7.52,0.90,64.60,-0.85,Rich ore,1,0,1.00,0.28,0.02,1.19
867,Line#29,160.73,168.92,1797.00,967.00,559.93,8.19,,33.87,,Poor ore,0,1,0.00,0.89,0.01,
868,Line#29,168.92,170.1,1797.00,967.00,555.25,1.18,,,,Rich ore,1,0,1.00,,,
869,Line#29,170.1,170.42,1797.00,967.00,554.50,0.32,,,,,0,0,,,,
870,Line#29,170.42,180.85,1797.00,967.00,549.13,10.43,0.85,61.08,-1.50,Rich ore,1,0,1.00,2.46,0.02,3.48
871,Line#29,180.85,181.77,1797.00,967.00,543.45,0.92,,,,,0,0,,,,
872,Line#29,181.77,196.47,1797.00,967.00,535.64,14.7,,28.60,,Poor ore,0,1,0.00,0.20,0.01,
873,Line#30,0,15,2001.00,974.00,732.99,15,2.48,63.90,-1.02,Rich ore,1,0,1.00,0.35,0.41,0.53
874,Line#30,15,30,2001.00,974.00,717.99,15,2.26,59.17,-1.71,Rich ore,1,0,1.00,4.57,0.31,1.11
875,Line#30,30,38.46,2001.00,974.00,706.26,8.46,1.03,65.05,-0.69,Rich ore,1,0,1.00,3.53,0.04,1.06
876,Line#30,38.46,53.46,2001.00,974.00,694.53,15,,31.97,,Poor ore,0,1,0.00,1.24,0.19,
877,Line#30,53.46,63.08,2001.00,974.00,682.22,9.62,,19.60,,Poor ore,0,1,0.00,0.91,0.11,
878,Line#30,63.08,64.48,2001.00,974.00,676.71,1.4,,,,,0,0,,,,
879,Line#30,64.48,74.6,2001.00,974.00,670.95,10.12,,15.84,,Poor ore,0,1,0.00,0.82,0.02,
880,Line#30,74.6,74.73,2001.00,974.00,665.83,0.13,,,,,0,0,,,,
881,Line#30,74.73,75.25,2001.00,974.00,665.50,0.52,,,,Poor ore,0,1,0.00,,,
882,Line#31,0,15.94,1616.00,788.00,619.92,15.94,0.62,67.20,0.29,Rich ore,1,0,1.00,0.09,0.14,0.67
883,Line#31,15.94,17,1616.00,788.00,611.42,1.06,,,,,0,0,,,,
884,Line#31,17,32,1616.00,788.00,603.39,15,0.38,68.02,1.04,Rich ore,1,0,1.00,0.13,0.05,0.49
885,Line#31,32,47,1616.00,788.00,588.39,15,0.41,67.88,0.85,Rich ore,1,0,1.00,0.23,0.03,0.79
886,Line#31,47,63.48,1616.00,788.00,572.65,16.48,0.52,67.78,0.75,Rich ore,1,0,1.00,0.16,0.03,0.69
887,Line#31,63.48,64.52,1616.00,788.00,563.89,1.04,,,,,0,0,,,,
888,Line#31,64.52,79.52,1616.00,788.00,555.87,15,0.39,68.33,1.36,Rich ore,1,0,1.00,0.08,0.03,0.54
889,Line#31,79.52,93.16,1616.00,788.00,541.55,13.64,0.29,68.67,2.00,Rich ore,1,0,1.00,0.08,0.02,0.75
890,Line#31,93.16,93.52,1616.00,788.00,534.55,0.36,,,,,0,0,,,,
891,Line#31,93.52,96.8,1616.00,788.00,532.73,3.28,,,,Rich ore,1,0,1.00,,,
892,Line#31,96.8,99.76,1616.00,788.00,529.61,2.96,,,,,0,0,,,,
893,Line#31,99.76,114.76,1616.00,788.00,520.63,15,0.39,68.42,1.49,Rich ore,1,0,1.00,0.29,0.01,0.70
894,Line#31,114.76,134.43,1616.00,788.00,503.29,19.67,0.39,68.19,1.23,Rich ore,1,0,1.00,0.46,0.01,0.64
895,Line#31,134.43,138.1,1616.00,788.00,491.63,3.67,,,,,0,0,,,,
896,Line#31,138.1,153.1,1616.00,788.00,482.29,15,0.51,68.43,1.51,Rich ore,1,0,1.00,0.19,0.01,0.42
897,Line#31,153.1,168.1,1616.00,788.00,467.29,15,0.53,68.22,1.26,Rich ore,1,0,1.00,0.17,0.01,0.44
898,Line#31,168.1,177.94,1616.00,788.00,454.87,9.84,0.72,68.43,1.53,Rich ore,1,0,1.00,0.16,0.01,0.36
899,Line#31,177.94,179.12,1616.00,788.00,449.36,1.18,,,,,0,0,,,,
900,Line#31,179.12,194.12,1616.00,788.00,441.27,15,0.66,68.00,1.00,Rich ore,1,0,1.00,0.22,0.01,0.84
901,Line#31,194.12,202.4,1616.00,788.00,429.63,8.28,0.68,67.69,0.67,Rich ore,1,0,1.00,0.43,0.02,0.95
902,Line#31,202.4,202.67,1616.00,788.00,425.36,0.27,,,,,0,0,,,,
903,Line#31,202.67,217.42,1616.00,788.00,417.85,14.75,1.04,65.96,-0.32,Rich ore,1,0,1.00,0.17,0.01,2.17
904,Line#31,217.42,218.77,1616.00,788.00,409.79,1.35,,,,Poor ore,0,1,0.00,,,
905,Line#31,218.77,237.4,1616.00,788.00,399.80,18.63,0.50,68.63,1.88,Rich ore,1,0,1.00,0.17,0.01,0.35
906,Line#31,237.4,237.42,1616.00,788.00,390.48,0.02,,,,,0,0,,,,
907,Line#31,237.42,251.54,1616.00,788.00,383.41,14.12,0.53,68.19,1.23,Rich ore,1,0,1.00,0.27,0.01,0.64
908,Line#31,251.54,252.54,1616.00,788.00,375.85,1,,,,,0,0,,,,
909,Line#31,252.54,253.73,1616.00,788.00,374.75,1.19,,,,Rich ore,1,0,1.00,,,
910,Line#31,253.73,254.74,1616.00,788.00,373.65,1.01,,,,,0,0,,,,
911,Line#31,254.74,260.49,1616.00,788.00,370.27,5.75,,,,Rich ore,1,0,1.00,,,
912,Line#31,260.49,280.64,1616.00,788.00,357.32,20.15,0.38,37.63,,Poor ore,0,1,0.00,,0.01,33.36
913,Line#32,0,0.68,807.00,-190.00,723.87,0.68,,,,Rich ore,1,0,1.00,,,
914,Line#32,0.68,1.36,807.00,-190.00,723.19,0.68,,,,,0,0,,,,
915,Line#32,1.36,7.35,807.00,-190.00,719.86,5.99,,,,Rich ore,1,0,1.00,,,
916,Line#32,7.35,17.78,807.00,-190.00,711.64,10.43,,35.94,,Poor ore,0,1,0.00,0.09,0.16,
917,Line#32,17.78,18.46,807.00,-190.00,706.09,0.68,,,,,0,0,,,,
918,Line#32,18.46,33.46,807.00,-190.00,698.25,15,,22.45,,Poor ore,0,1,0.00,0.60,0.09,
919,Line#32,33.46,48.7,807.00,-190.00,683.13,15.24,,22.50,,Poor ore,0,1,0.00,0.80,0.05,
920,Line#33,0,0.75,792.00,428.00,661.24,0.75,,,,Rich ore,1,0,1.00,,,
921,Line#33,0.75,1.35,792.00,428.00,660.56,0.6,,,,,0,0,,,,
922,Line#33,1.35,9,792.00,428.00,656.44,7.65,,43.54,-2.74,Rich ore,1,0,1.00,0.10,0.10,
923,Line#33,9,14.98,792.00,428.00,649.62,5.98,,,,Poor ore,0,1,0.00,,,
924,Line#33,14.98,16.85,792.00,428.00,645.70,1.87,,,,,0,0,,,,
925,Line#33,16.85,31.85,792.00,428.00,637.26,15,,23.20,,Poor ore,0,1,0.00,0.16,0.05,
926,Line#33,31.85,46.85,792.00,428.00,622.26,15,,,,Poor ore,0,1,0.00,,,
927,Line#33,46.85,61.85,792.00,428.00,607.26,15,,,,Poor ore,0,1,0.00,,,
928,Line#33,61.85,76.85,792.00,428.00,592.26,15,,,,Poor ore,0,1,0.00,,,
929,Line#33,76.85,91.85,792.00,428.00,577.26,15,,,,Poor ore,0,1,0.00,,,
930,Line#33,91.85,106.85,792.00,428.00,562.26,15,,,,Poor ore,0,1,0.00,,,
931,Line#33,106.85,116.38,792.00,428.00,550.00,9.53,,,,Poor ore,0,1,0.00,,,
932,Line#33,116.38,126.42,792.00,428.00,540.21,10.04,0.87,66.97,0.15,Rich ore,1,0,1.00,0.22,0.02,0.79
933,Line#33,126.42,126.9,792.00,428.00,534.95,0.48,,,,,0,0,,,,
934,Line#33,126.9,130.55,792.00,428.00,532.88,3.65,,,,Rich ore,1,0,1.00,,,
935,Line#33,130.55,131.02,792.00,428.00,530.83,0.47,,,,,0,0,,,,
936,Line#33,131.02,151.62,792.00,428.00,520.29,20.6,1.10,66.84,0.08,Rich ore,1,0,1.00,0.18,0.02,0.70
937,Line#33,151.62,152.22,792.00,428.00,509.69,0.6,,,,,0,0,,,,
938,Line#33,152.22,153.02,792.00,428.00,508.99,0.8,,,,Rich ore,1,0,1.00,,,
939,Line#33,153.02,153.6,792.00,428.00,508.30,0.58,,,,,0,0,,,,
940,Line#33,153.6,161.59,792.00,428.00,504.01,7.99,1.57,65.34,-0.55,Rich ore,1,0,1.00,0.17,0.02,1.08
941,Line#33,161.59,162.89,792.00,428.00,499.37,1.3,,,,,0,0,,,,
942,Line#33,162.89,172.8,792.00,428.00,493.76,9.91,0.42,67.91,0.90,Rich ore,1,0,1.00,0.11,0.01,0.74
943,Line#33,172.8,174.65,792.00,428.00,487.88,1.85,,,,,0,0,,,,
944,Line#33,174.65,187.15,792.00,428.00,480.71,12.5,0.60,68.01,1.01,Rich ore,1,0,1.00,0.15,0.02,0.86
945,Line#33,187.15,188.15,792.00,428.00,473.96,1,,,,,0,0,,,,
946,Line#33,188.15,205.75,792.00,428.00,464.66,17.6,0.68,67.79,0.77,Rich ore,1,0,1.00,0.12,0.01,1.07
947,Line#33,205.75,207.15,792.00,428.00,455.16,1.4,,,,,0,0,,,,
948,Line#33,207.15,224.7,792.00,428.00,445.69,17.55,0.50,68.13,1.11,Rich ore,1,0,1.00,0.09,0.01,0.97
949,Line#33,224.7,226,792.00,428.00,436.26,1.3,,,,,0,0,,,,
950,Line#33,226,227.4,792.00,428.00,434.91,1.4,,,,Rich ore,1,0,1.00,,,
951,Line#33,227.4,228.6,792.00,428.00,433.61,1.2,,,,,0,0,,,,
952,Line#33,228.6,240.15,792.00,428.00,427.24,11.55,0.63,67.59,0.59,Rich ore,1,0,1.00,0.14,0.01,1.53
953,Line#33,240.15,241.2,792.00,428.00,420.94,1.05,,,,,0,0,,,,
954,Line#33,241.2,256.2,792.00,428.00,412.91,15,1.18,66.56,-0.05,Rich ore,1,0,1.00,0.27,0.01,1.60
955,Line#33,256.2,271.2,792.00,428.00,397.91,15,0.43,67.95,0.93,Rich ore,1,0,1.00,0.23,0.01,1.15
956,Line#33,271.2,289.25,792.00,428.00,381.38,18.05,0.52,67.40,0.45,Rich ore,1,0,1.00,0.08,0.01,2.25
957,Line#33,289.25,290.55,792.00,428.00,371.71,1.3,,,,,0,0,,,,
958,Line#33,290.55,304.85,792.00,428.00,363.91,14.3,0.42,67.39,0.44,Rich ore,1,0,1.00,0.09,0.01,2.34
959,Line#33,304.85,306.25,792.00,428.00,356.06,1.4,,,,,0,0,,,,
960,Line#33,306.25,314.6,792.00,428.00,351.19,8.35,0.43,68.13,1.12,Rich ore,1,0,1.00,0.13,0.01,1.27
961,Line#33,314.6,316,792.00,428.00,346.31,1.4,,,,,0,0,,,,
962,Line#33,316,333.85,792.00,428.00,336.69,17.85,0.49,66.50,-0.11,Rich ore,1,0,1.00,0.10,0.01,2.79
963,Line#33,333.85,334.37,792.00,428.00,327.50,0.52,,,,Poor ore,0,1,0.00,,,
964,Line#34,0,1.32,607.00,189.00,638.42,1.32,,,,,0,0,,,,
965,Line#34,1.32,16.32,607.00,189.00,630.26,15,1.58,65.40,-0.55,Rich ore,1,0,1.00,0.12,0.29,0.75
966,Line#34,16.32,31.32,607.00,189.00,615.26,15,1.35,66.73,0.01,Rich ore,1,0,1.00,0.06,0.15,0.33
967,Line#34,31.32,46.32,607.00,189.00,600.26,15,1.05,67.39,0.43,Rich ore,1,0,1.00,0.07,0.04,0.44
968,Line#34,46.32,61.32,607.00,189.00,585.26,15,0.80,67.60,0.59,Rich ore,1,0,1.00,0.08,0.02,0.57
969,Line#34,61.32,76.32,607.00,189.00,570.26,15,0.65,67.12,0.25,Rich ore,1,0,1.00,0.06,0.02,0.91
970,Line#34,76.32,91.32,607.00,189.00,555.26,15,0.46,67.41,0.46,Rich ore,1,0,1.00,0.06,0.02,0.56
971,Line#34,91.32,106.32,607.00,189.00,540.26,15,0.51,68.21,1.25,Rich ore,1,0,1.00,0.04,0.02,0.49
972,Line#34,106.32,121.32,607.00,189.00,525.26,15,0.77,67.91,0.90,Rich ore,1,0,1.00,0.04,0.02,0.48
973,Line#34,121.32,134.33,607.00,189.00,511.26,13.01,0.69,67.78,0.76,Rich ore,1,0,1.00,0.04,0.01,0.68
974,Line#34,134.33,135.73,607.00,189.00,504.05,1.4,,,,,0,0,,,,
975,Line#34,135.73,150.73,607.00,189.00,495.85,15,0.71,66.54,-0.07,Rich ore,1,0,1.00,0.06,0.02,0.80
976,Line#34,150.73,165.73,607.00,189.00,480.85,15,0.55,65.88,-0.36,Rich ore,1,0,1.00,0.08,0.02,1.09
977,Line#34,165.73,180.4,607.00,189.00,466.02,14.67,0.36,66.23,-0.23,Rich ore,1,0,1.00,0.13,0.02,1.30
978,Line#34,180.4,181.29,607.00,189.00,458.24,0.89,,,,,0,0,,,,
979,Line#34,181.29,185.34,607.00,189.00,455.77,4.05,,,,Rich ore,1,0,1.00,,,
980,Line#34,185.34,186.32,607.00,189.00,453.25,0.98,,,,,0,0,,,,
981,Line#34,186.32,196.59,607.00,189.00,447.63,10.27,0.49,66.58,-0.04,Rich ore,1,0,1.00,0.07,0.02,1.22
982,Line#34,196.59,197.68,607.00,189.00,441.95,1.09,,,,,0,0,,,,
983,Line#34,197.68,211.91,607.00,189.00,434.29,14.23,1.14,65.29,-0.57,Rich ore,1,0,1.00,0.23,0.03,1.67
984,Line#34,211.91,225.5,607.00,189.00,420.38,13.59,2.98,54.25,,Poor ore,0,1,0.00,2.05,0.02,11.36
985,Line#34,225.5,228.06,607.00,189.00,412.30,2.56,,,,Rich ore,1,0,1.00,,,
986,Line#34,228.06,229.46,607.00,189.00,410.32,1.4,,,,,0,0,,,,
987,Line#34,229.46,232.09,607.00,189.00,408.31,2.63,,,,Poor ore,0,1,0.00,,,
988,Line#34,232.09,233.06,607.00,189.00,406.51,0.97,,,,,0,0,,,,
989,Line#34,233.06,236.91,607.00,189.00,404.10,3.85,,,,Poor ore,0,1,0.00,,,
990,Line#34,236.91,247.01,607.00,189.00,397.12,10.1,0.56,63.13,-1.16,Rich ore,1,0,1.00,0.14,0.01,6.82
991,Line#34,247.01,260.71,607.00,189.00,385.22,13.7,,,,Poor ore,0,1,0.00,,,
992,Line#35,0,1.04,607.00,3.00,690.05,1.04,,,,Rich ore,1,0,1.00,,,
993,Line#35,1.04,1.49,607.00,3.00,689.31,0.45,,,,,0,0,,,,
994,Line#35,1.49,7.31,607.00,3.00,686.17,5.82,,,,Rich ore,1,0,1.00,,,
995,Line#35,7.31,22.31,607.00,3.00,675.76,15,,30.41,,Poor ore,0,1,0.00,0.59,0.08,
996,Line#35,22.31,37.31,607.00,3.00,660.76,15,,29.09,,Poor ore,0,1,0.00,0.19,0.11,
997,Line#35,37.31,47.95,607.00,3.00,647.94,10.64,,28.60,,Poor ore,0,1,0.00,0.40,0.07,
998,Line#35,47.95,62.95,607.00,3.00,635.12,15,0.53,68.65,1.94,Rich ore,1,0,1.00,0.18,0.02,0.44
999,Line#35,62.95,77.95,607.00,3.00,620.12,15,0.70,68.48,1.66,Rich ore,1,0,1.00,0.05,0.02,0.42
1000,Line#35,77.95,92.95,607.00,3.00,605.12,15,0.68,67.80,0.77,Rich ore,1,0,1.00,0.45,0.02,0.34
1001,Line#35,92.95,107.95,607.00,3.00,590.12,15,0.43,68.15,1.15,Rich ore,1,0,1.00,0.43,0.02,0.40
1002,Line#35,107.95,122.95,607.00,3.00,575.12,15,0.75,67.08,0.22,Rich ore,1,0,1.00,0.61,0.02,0.67
1003,Line#35,122.95,132.14,607.00,3.00,563.03,9.19,1.29,66.27,-0.21,Rich ore,1,0,1.00,0.24,0.01,1.63
1004,Line#35,132.14,150.65,607.00,3.00,549.18,18.51,,,,Poor ore,0,1,0.00,,,
1005,Line#37,0,18.42,210.00,380.00,648.09,18.42,,35.34,,Poor ore,0,1,0.00,0.08,0.07,
1006,Line#37,18.42,19.82,210.00,380.00,638.18,1.4,,,,,0,0,,,,
1007,Line#37,19.82,34.82,210.00,380.00,629.98,15,,,,Poor ore,0,1,0.00,,,
1008,Line#37,34.82,49.82,210.00,380.00,614.98,15,,,,Poor ore,0,1,0.00,,,
1009,Line#37,49.82,64.82,210.00,380.00,599.98,15,,,,Poor ore,0,1,0.00,,,
1010,Line#37,64.82,79.82,210.00,380.00,584.98,15,,,,Poor ore,0,1,0.00,,,
1011,Line#37,79.82,94.82,210.00,380.00,569.98,15,,,,Poor ore,0,1,0.00,,,
1012,Line#37,94.82,109.82,210.00,380.00,554.98,15,,,,Poor ore,0,1,0.00,,,
1013,Line#37,109.82,124.82,210.00,380.00,539.98,15,,,,Poor ore,0,1,0.00,,,
1014,Line#37,124.82,139.82,210.00,380.00,524.98,15,,,,Poor ore,0,1,0.00,,,
1015,Line#37,139.82,159.6,210.00,380.00,507.59,19.78,,,,Poor ore,0,1,0.00,,,
1016,Line#37,159.6,161,210.00,380.00,497.00,1.4,,,,Rich ore,1,0,1.00,,,
1017,Line#37,161,162.4,210.00,380.00,495.60,1.4,,,,Poor ore,0,1,0.00,,,
1018,Line#37,162.4,177.4,210.00,380.00,487.40,15,0.86,67.10,0.23,Rich ore,1,0,1.00,0.13,0.02,0.98
1019,Line#37,177.4,192.4,210.00,380.00,472.40,15,0.62,67.52,0.53,Rich ore,1,0,1.00,0.08,0.01,0.49
1020,Line#37,192.4,207.4,210.00,380.00,457.40,15,0.47,67.56,0.56,Rich ore,1,0,1.00,0.24,0.01,0.53
1021,Line#37,207.4,222.4,210.00,380.00,442.40,15,0.65,67.44,0.47,Rich ore,1,0,1.00,0.13,0.01,0.86
1022,Line#37,222.4,238.93,210.00,380.00,426.63,16.53,0.72,67.72,0.69,Rich ore,1,0,1.00,0.06,0.01,0.90
1023,Line#37,238.93,240.04,210.00,380.00,417.81,1.11,,,,,0,0,,,,
1024,Line#37,240.04,244.02,210.00,380.00,415.27,3.98,,,,Rich ore,1,0,1.00,,,
1025,Line#37,244.02,244.56,210.00,380.00,413.01,0.54,,,,,0,0,,,,
1026,Line#37,244.56,246.01,210.00,380.00,412.01,1.45,,,,Poor ore,0,1,0.00,,,
1027,Line#38,0,6.17,609.00,-195.00,702.96,6.17,,,,Rich ore,1,0,1.00,,,
1028,Line#38,6.17,21.17,609.00,-195.00,692.38,15,,31.60,,Poor ore,0,1,0.00,0.08,0.03,
1029,Line#38,21.17,36.17,609.00,-195.00,677.38,15,,19.07,,Poor ore,0,1,0.00,0.31,0.04,
1030,Line#38,36.17,51.17,609.00,-195.00,662.38,15,,17.30,,Poor ore,0,1,0.00,0.40,0.03,
1031,Line#38,51.17,68.8,609.00,-195.00,646.06,17.63,,14.73,,Poor ore,0,1,0.00,0.56,0.04,
1032,Line#38,68.8,69.45,609.00,-195.00,636.92,0.65,,,,,0,0,,,,
1033,Line#38,69.45,84.45,609.00,-195.00,629.10,15,,10.72,,Poor ore,0,1,0.00,0.44,0.01,
1034,Line#38,84.45,99.45,609.00,-195.00,614.10,15,,9.85,,Poor ore,0,1,0.00,0.42,0.03,
1035,Line#38,99.45,111.51,609.00,-195.00,600.57,12.06,,12.12,,Poor ore,0,1,0.00,0.41,0.02,
1036,Line#39,0,18.03,610.00,384.00,642.23,18.03,2.39,64.11,-0.97,Rich ore,1,0,1.00,0.08,0.07,0.34
1037,Line#39,18.03,18.45,610.00,384.00,633.00,0.42,,,,,0,0,,,,
1038,Line#39,18.45,32.51,610.00,384.00,625.76,14.06,3.30,63.61,-1.06,Rich ore,1,0,1.00,0.08,0.10,0.23
1039,Line#39,32.51,47.51,610.00,384.00,611.23,15,,,,Poor ore,0,1,0.00,,,
1040,Line#39,47.51,62.51,610.00,384.00,596.23,15,,,,Poor ore,0,1,0.00,,,
1041,Line#39,62.51,77.51,610.00,384.00,581.23,15,,,,Poor ore,0,1,0.00,,,
1042,Line#39,77.51,92.51,610.00,384.00,566.23,15,,,,Poor ore,0,1,0.00,,,
1043,Line#39,92.51,107.51,610.00,384.00,551.23,15,,,,Poor ore,0,1,0.00,,,
1044,Line#39,107.51,119.87,610.00,384.00,537.55,12.36,,,,Poor ore,0,1,0.00,,,
1045,Line#39,119.87,122.67,610.00,384.00,529.97,2.8,,,,Rich ore,1,0,1.00,,,
1046,Line#39,122.67,124.67,610.00,384.00,527.57,2,,,,Poor ore,0,1,0.00,,,
1047,Line#39,124.67,139.67,610.00,384.00,519.07,15,0.99,65.19,-0.62,Rich ore,1,0,1.00,0.24,0.02,1.10
1048,Line#39,139.67,154.67,610.00,384.00,504.07,15,0.83,66.54,-0.07,Rich ore,1,0,1.00,0.07,0.01,1.09
1049,Line#39,154.67,169.67,610.00,384.00,489.07,15,0.75,66.27,-0.22,Rich ore,1,0,1.00,0.07,0.01,2.00
1050,Line#39,169.67,184.67,610.00,384.00,474.07,15,0.58,66.11,-0.28,Rich ore,1,0,1.00,0.08,0.01,2.42
1051,Line#39,184.67,199.67,610.00,384.00,459.07,15,0.60,67.63,0.61,Rich ore,1,0,1.00,0.07,0.02,0.93
1052,Line#39,199.67,211.25,610.00,384.00,445.78,11.58,0.34,67.41,0.45,Rich ore,1,0,1.00,0.08,0.02,1.28
1053,Line#39,211.25,211.75,610.00,384.00,439.74,0.5,,,,,0,0,,,,
1054,Line#39,211.75,226.75,610.00,384.00,431.99,15,0.47,67.52,0.53,Rich ore,1,0,1.00,0.06,0.01,0.93
1055,Line#39,226.75,241.75,610.00,384.00,416.99,15,0.67,67.23,0.33,Rich ore,1,0,1.00,0.07,0.02,1.02
1056,Line#39,241.75,254.2,610.00,384.00,403.26,12.45,0.35,64.69,-0.82,Rich ore,1,0,1.00,0.09,0.01,5.71
1057,Line#39,254.2,262,610.00,384.00,393.14,7.8,,,,Poor ore,0,1,0.00,,,
1058,Line#40,0,9,1430.00,786.00,625.38,9,,53.59,-2.27,Rich ore,1,0,1.00,0.05,0.21,
1059,Line#40,9,24,1430.00,786.00,613.38,15,,24.38,,Poor ore,0,1,0.00,0.04,0.10,
1060,Line#40,24,39,1430.00,786.00,598.38,15,,,,Poor ore,0,1,0.00,,,
1061,Line#40,39,54,1430.00,786.00,583.38,15,,,,Poor ore,0,1,0.00,,,
1062,Line#40,54,69,1430.00,786.00,568.38,15,,,,Poor ore,0,1,0.00,,,
1063,Line#40,69,84,1430.00,786.00,553.38,15,,,,Poor ore,0,1,0.00,,,
1064,Line#40,84,105.57,1430.00,786.00,535.10,21.57,,,,Poor ore,0,1,0.00,,,
1065,Line#40,105.57,114.85,1430.00,786.00,519.67,9.28,2.91,61.93,-1.35,Rich ore,1,0,1.00,1.67,0.04,1.69
1066,Line#40,114.85,119.17,1430.00,786.00,512.87,4.32,,,,Poor ore,0,1,0.00,,,
1067,Line#40,119.17,140.8,1430.00,786.00,499.89,21.63,0.71,66.66,-0.01,Rich ore,1,0,1.00,0.13,0.02,1.17
1068,Line#40,140.8,141.78,1430.00,786.00,488.59,0.98,,,,,0,0,,,,
1069,Line#40,141.78,156.78,1430.00,786.00,480.60,15,0.80,66.52,-0.09,Rich ore,1,0,1.00,0.26,0.02,1.36
1070,Line#40,156.78,171.78,1430.00,786.00,465.60,15,1.16,66.00,-0.30,Rich ore,1,0,1.00,0.31,0.02,2.04
1071,Line#40,171.78,186.78,1430.00,786.00,450.60,15,0.97,65.79,-0.41,Rich ore,1,0,1.00,0.36,0.02,2.42
1072,Line#40,186.78,201.78,1430.00,786.00,435.60,15,0.98,66.03,-0.30,Rich ore,1,0,1.00,0.36,0.02,2.12
1073,Line#40,201.78,216.78,1430.00,786.00,420.60,15,1.00,66.41,-0.16,Rich ore,1,0,1.00,0.27,0.01,2.00
1074,Line#40,216.78,231.78,1430.00,786.00,405.60,15,0.83,66.90,0.12,Rich ore,1,0,1.00,0.21,0.01,1.87
1075,Line#40,231.78,246.78,1430.00,786.00,390.60,15,0.64,67.04,0.20,Rich ore,1,0,1.00,0.14,0.01,2.30
1076,Line#40,246.78,261.78,1430.00,786.00,375.60,15,0.84,66.45,-0.14,Rich ore,1,0,1.00,0.24,0.01,2.43
1077,Line#40,261.78,276.78,1430.00,786.00,360.60,15,0.70,67.53,0.54,Rich ore,1,0,1.00,0.21,0.01,1.53
1078,Line#40,276.78,291.78,1430.00,786.00,345.60,15,0.62,67.85,0.83,Rich ore,1,0,1.00,0.09,0.01,1.46
1079,Line#40,291.78,306.78,1430.00,786.00,330.60,15,0.84,66.33,-0.19,Rich ore,1,0,1.00,0.17,0.01,2.81
1080,Line#40,306.78,321.78,1430.00,786.00,315.60,15,0.48,68.18,1.21,Rich ore,1,0,1.00,0.10,0.01,1.10
1081,Line#40,321.78,331.1,1430.00,786.00,303.44,9.32,1.71,63.88,-1.03,Rich ore,1,0,1.00,0.88,0.02,3.06
1082,Line#40,331.1,332.25,1430.00,786.00,298.20,1.15,,,,,0,0,,,,
1083,Line#40,332.25,347.25,1430.00,786.00,290.13,15,0.79,67.23,0.33,Rich ore,1,0,1.00,0.40,0.01,1.32
1084,Line#40,347.25,364.58,1430.00,786.00,273.97,17.33,0.51,66.81,0.06,Rich ore,1,0,1.00,1.01,0.02,0.93
1085,Line#40,364.58,364.98,1430.00,786.00,265.10,0.4,,,,,0,0,,,,
1086,Line#40,364.98,369.02,1430.00,786.00,262.88,4.04,,,,Poor ore,0,1,0.00,,,
1087,Line#40,369.02,369.72,1430.00,786.00,260.51,0.7,,,,,0,0,,,,
1088,Line#40,369.72,371.08,1430.00,786.00,259.48,1.36,,,,Poor ore,0,1,0.00,,,
1089,Line#41,0,15,206.00,6.00,687.66,15,,54.87,-2.16,Rich ore,1,0,1.00,0.06,0.24,
1090,Line#41,15,23.2,206.00,6.00,676.06,8.2,4.10,60.43,-1.56,Rich ore,1,0,1.00,0.18,0.21,1.72
1091,Line#41,23.2,38.2,206.00,6.00,664.46,15,,34.45,,Poor ore,0,1,0.00,0.37,0.06,
1092,Line#41,38.2,53.2,206.00,6.00,649.46,15,,43.80,,Poor ore,0,1,0.00,0.19,0.02,
1093,Line#41,53.2,68.2,206.00,6.00,634.46,15,,43.47,,Poor ore,0,1,0.00,0.19,0.02,
1094,Line#41,68.2,83.2,206.00,6.00,619.46,15,,22.60,,Poor ore,0,1,0.00,0.19,0.02,
1095,Line#41,83.2,98.2,206.00,6.00,604.46,15,,22.60,,Poor ore,0,1,0.00,0.19,0.02,
1096,Line#41,98.2,113.2,206.00,6.00,589.46,15,,15.67,,Poor ore,0,1,0.00,0.26,0.02,
1097,Line#41,113.2,128.2,206.00,6.00,574.46,15,,14.80,,Poor ore,0,1,0.00,0.27,0.02,
1098,Line#41,128.2,143.2,206.00,6.00,559.46,15,,14.80,,Poor ore,0,1,0.00,0.27,0.02,
1099,Line#41,143.2,154.72,206.00,6.00,546.20,11.52,,14.80,,Poor ore,0,1,0.00,0.27,0.02,
1100,Line#42,0,5.51,1208.00,1165.00,672.07,5.51,,,,Rich ore,1,0,1.00,,,
1101,Line#42,5.51,20.51,1208.00,1165.00,661.81,15,,26.49,,Poor ore,0,1,0.00,0.20,0.20,
1102,Line#42,20.51,35.51,1208.00,1165.00,646.81,15,,19.79,,Poor ore,0,1,0.00,0.30,0.08,
1103,Line#42,35.51,50.51,1208.00,1165.00,631.81,15,,17.10,,Poor ore,0,1,0.00,0.40,0.04,
1104,Line#42,50.51,65.51,1208.00,1165.00,616.81,15,,17.10,,Poor ore,0,1,0.00,0.40,0.04,
1105,Line#42,65.51,80.51,1208.00,1165.00,601.81,15,,17.10,,Poor ore,0,1,0.00,0.40,0.04,
1106,Line#42,80.51,95.51,1208.00,1165.00,586.81,15,,26.66,,Poor ore,0,1,0.00,0.26,0.01,
1107,Line#42,95.51,110.51,1208.00,1165.00,571.81,15,,15.83,,Poor ore,0,1,0.00,0.34,0.01,
1108,Line#42,110.51,125.51,1208.00,1165.00,556.81,15,,8.30,,Poor ore,0,1,0.00,0.40,0.01,
1109,Line#42,125.51,140.51,1208.00,1165.00,541.81,15,,10.02,,Poor ore,0,1,0.00,0.38,0.01,
1110,Line#42,140.51,155.51,1208.00,1165.00,526.81,15,,17.10,,Poor ore,0,1,0.00,0.30,0.01,
1111,Line#42,155.51,170.51,1208.00,1165.00,511.81,15,,17.10,,Poor ore,0,1,0.00,0.30,0.01,
1112,Line#42,170.51,185.51,1208.00,1165.00,496.81,15,,17.10,,Poor ore,0,1,0.00,0.30,0.01,
1113,Line#42,185.51,200.51,1208.00,1165.00,481.81,15,,14.88,,Poor ore,0,1,0.00,0.20,0.01,
1114,Line#42,200.51,213.88,1208.00,1165.00,467.63,13.37,,16.48,,Poor ore,0,1,0.00,0.35,0.01,
1115,Line#43,0,15,1394.00,1173.00,624.23,15,,33.50,,Poor ore,0,1,0.00,0.27,0.08,
1116,Line#43,15,29.32,1394.00,1173.00,609.57,14.32,,,,Poor ore,0,1,0.00,,,
1117,Line#43,29.32,44.4,1394.00,1173.00,594.87,15.08,1.24,65.05,-0.68,Rich ore,1,0,1.00,0.16,0.08,0.96
1118,Line#43,44.4,51.1,1394.00,1173.00,583.98,6.7,,,,Poor ore,0,1,0.00,,,
1119,Line#43,51.1,66.1,1394.00,1173.00,573.13,15,0.65,64.97,-0.73,Rich ore,1,0,1.00,0.05,0.04,1.04
1120,Line#43,66.1,81.1,1394.00,1173.00,558.13,15,0.41,65.78,-0.41,Rich ore,1,0,1.00,0.06,0.03,0.94
1121,Line#43,81.1,96.1,1394.00,1173.00,543.13,15,0.30,66.65,-0.02,Rich ore,1,0,1.00,0.07,0.01,0.77
1122,Line#43,96.1,111.1,1394.00,1173.00,528.13,15,0.48,66.52,-0.09,Rich ore,1,0,1.00,0.08,0.02,0.92
1123,Line#43,111.1,126.1,1394.00,1173.00,513.13,15,0.55,66.77,0.04,Rich ore,1,0,1.00,0.14,0.02,0.93
1124,Line#43,126.1,141.1,1394.00,1173.00,498.13,15,0.50,64.71,-0.82,Rich ore,1,0,1.00,1.78,0.02,0.74
1125,Line#43,141.1,156.1,1394.00,1173.00,483.13,15,0.21,66.52,-0.08,Rich ore,1,0,1.00,0.98,0.01,0.89
1126,Line#43,156.1,167.1,1394.00,1173.00,470.13,11,0.63,66.12,-0.27,Rich ore,1,0,1.00,0.23,0.01,2.45
1127,Line#43,167.1,167.45,1394.00,1173.00,464.46,0.35,,,,,0,0,,,,
1128,Line#43,167.45,182.45,1394.00,1173.00,456.78,15,0.69,65.77,-0.42,Rich ore,1,0,1.00,0.20,0.01,2.52
1129,Line#43,182.45,197.45,1394.00,1173.00,441.78,15,0.26,67.22,0.31,Rich ore,1,0,1.00,0.16,0.01,1.48
1130,Line#43,197.45,212.45,1394.00,1173.00,426.78,15,0.18,68.24,1.29,Rich ore,1,0,1.00,0.11,0.01,0.73
1131,Line#43,212.45,227.45,1394.00,1173.00,411.78,15,0.43,67.87,0.84,Rich ore,1,0,1.00,0.07,0.01,0.85
1132,Line#43,227.45,238,1394.00,1173.00,399.00,10.55,0.39,67.30,0.38,Rich ore,1,0,1.00,0.18,0.01,1.11
1133,Line#43,238,240.25,1394.00,1173.00,392.61,2.25,,,,Poor ore,0,1,0.00,,,
1134,Line#43,240.25,241.25,1394.00,1173.00,390.98,1,,,,,0,0,,,,
1135,Line#43,241.25,259.65,1394.00,1173.00,381.28,18.4,0.15,47.36,,Poor ore,0,1,0.00,,0.01,19.62
1136,Line#44,0,9.41,1340.00,1573.00,618.03,9.41,,62.13,-1.31,Rich ore,1,0,1.00,0.14,0.04,
1137,Line#44,9.41,9.98,1340.00,1573.00,613.04,0.57,,,,,0,0,,,,
1138,Line#44,9.98,10.83,1340.00,1573.00,612.34,0.85,,,,Rich ore,1,0,1.00,,,
1139,Line#44,10.83,11.1,1340.00,1573.00,611.77,0.27,,,,,0,0,,,,
1140,Line#44,11.1,17.17,1340.00,1573.00,608.61,6.07,,,,Rich ore,1,0,1.00,,,
1141,Line#44,17.17,17.27,1340.00,1573.00,605.52,0.1,,,,,0,0,,,,
1142,Line#44,17.27,25.38,1340.00,1573.00,601.41,8.11,1.93,65.13,-0.65,Rich ore,1,0,1.00,0.25,0.08,0.52
1143,Line#44,25.38,25.88,1340.00,1573.00,597.11,0.5,,,,,0,0,,,,
1144,Line#44,25.88,26.81,1340.00,1573.00,596.39,0.93,,,,Rich ore,1,0,1.00,,,
1145,Line#44,26.81,27.01,1340.00,1573.00,595.83,0.2,,,,,0,0,,,,
1146,Line#44,27.01,42.01,1340.00,1573.00,588.23,15,0.81,65.88,-0.35,Rich ore,1,0,1.00,0.16,0.03,0.57
1147,Line#44,42.01,60.45,1340.00,1573.00,571.51,18.44,0.46,67.45,0.48,Rich ore,1,0,1.00,0.08,0.02,0.68
1148,Line#44,60.45,60.97,1340.00,1573.00,562.03,0.52,,,,,0,0,,,,
1149,Line#44,60.97,75.97,1340.00,1573.00,554.27,15,1.24,65.12,-0.66,Rich ore,1,0,1.00,0.24,0.05,0.86
1150,Line#44,75.97,90.97,1340.00,1573.00,539.27,15,0.53,65.98,-0.31,Rich ore,1,0,1.00,0.22,0.02,0.78
1151,Line#44,90.97,105.79,1340.00,1573.00,524.36,14.82,0.41,66.70,-0.00,Rich ore,1,0,1.00,0.16,0.02,0.73
1152,Line#44,105.79,105.84,1340.00,1573.00,516.92,0.05,,,,,0,0,,,,
1153,Line#44,105.84,120.84,1340.00,1573.00,509.40,15,0.27,67.43,0.47,Rich ore,1,0,1.00,0.41,0.01,0.76
1154,Line#44,120.84,135.84,1340.00,1573.00,494.40,15,0.41,66.92,0.13,Rich ore,1,0,1.00,0.50,0.02,0.77
1155,Line#44,135.84,150.84,1340.00,1573.00,479.40,15,0.27,67.64,0.62,Rich ore,1,0,1.00,0.45,0.01,0.49
1156,Line#44,150.84,165.84,1340.00,1573.00,464.40,15,0.26,67.72,0.69,Rich ore,1,0,1.00,0.44,0.01,0.71
1157,Line#44,165.84,180.84,1340.00,1573.00,449.40,15,0.33,67.46,0.49,Rich ore,1,0,1.00,0.40,0.01,0.86
1158,Line#44,180.84,195.1,1340.00,1573.00,434.77,14.26,0.62,67.63,0.61,Rich ore,1,0,1.00,0.16,0.01,1.05
1159,Line#44,195.1,196.1,1340.00,1573.00,427.14,1,,,,,0,0,,,,
1160,Line#44,196.1,216,1340.00,1573.00,416.69,19.9,0.54,67.68,0.66,Rich ore,1,0,1.00,0.15,0.01,1.08
1161,Line#44,216,218.8,1340.00,1573.00,405.34,2.8,,,,Poor ore,0,1,0.00,,,
1162,Line#44,218.8,233.8,1340.00,1573.00,396.44,15,0.83,66.51,-0.10,Rich ore,1,0,1.00,,0.02,2.73
1163,Line#44,233.8,246.95,1340.00,1573.00,382.37,13.15,0.57,66.31,-0.20,Rich ore,1,0,1.00,0.73,0.01,1.68
1164,Line#44,246.95,258.75,1340.00,1573.00,369.89,11.8,,20.80,,Poor ore,0,1,0.00,0.35,0.01,
1165,Line#45,0,13.6,1210.00,1568.00,624.48,13.6,,44.62,,Poor ore,0,1,0.00,0.11,0.13,
1166,Line#45,13.6,28.6,1210.00,1568.00,610.18,15,1.53,62.70,-1.21,Rich ore,1,0,1.00,0.14,0.05,0.96
1167,Line#45,28.6,38.1,1210.00,1568.00,597.93,9.5,3.69,60.88,-1.53,Rich ore,1,0,1.00,0.14,0.05,0.73
1168,Line#45,38.1,41.7,1210.00,1568.00,591.38,3.6,,,,Poor ore,0,1,0.00,,,
1169,Line#45,41.7,60.6,1210.00,1568.00,580.13,18.9,2.36,59.63,-1.65,Rich ore,1,0,1.00,2.39,0.02,1.13
1170,Line#45,60.6,61.1,1210.00,1568.00,570.43,0.5,,,,,0,0,,,,
1171,Line#45,61.1,76.1,1210.00,1568.00,562.68,15,0.62,65.66,-0.46,Rich ore,1,0,1.00,1.12,0.01,1.06
1172,Line#45,76.1,91.1,1210.00,1568.00,547.68,15,0.56,65.97,-0.31,Rich ore,1,0,1.00,0.90,0.01,1.12
1173,Line#45,91.1,106.1,1210.00,1568.00,532.68,15,0.39,66.51,-0.11,Rich ore,1,0,1.00,0.33,0.01,1.76
1174,Line#45,106.1,121.1,1210.00,1568.00,517.68,15,0.37,66.40,-0.17,Rich ore,1,0,1.00,0.32,0.01,1.67
1175,Line#45,121.1,136.1,1210.00,1568.00,502.68,15,0.53,65.86,-0.38,Rich ore,1,0,1.00,0.66,0.02,1.67
1176,Line#45,136.1,151.1,1210.00,1568.00,487.68,15,0.42,65.83,-0.39,Rich ore,1,0,1.00,0.79,0.01,1.51
1177,Line#45,151.1,171.2,1210.00,1568.00,470.13,20.1,0.47,66.65,-0.02,Rich ore,1,0,1.00,0.51,0.01,1.31
1178,Line#45,171.2,181.6,1210.00,1568.00,454.88,10.4,,26.30,,Poor ore,0,1,0.00,0.23,0.02,
1179,Line#45,181.6,196.6,1210.00,1568.00,442.18,15,0.47,65.85,-0.38,Rich ore,1,0,1.00,0.16,0.01,3.25
1180,Line#45,196.6,211.6,1210.00,1568.00,427.18,15,0.44,65.53,-0.51,Rich ore,1,0,1.00,0.19,0.01,3.59
1181,Line#45,211.6,226.6,1210.00,1568.00,412.18,15,0.70,64.09,-0.98,Rich ore,1,0,1.00,0.48,0.02,4.93
1182,Line#45,226.6,235.65,1210.00,1568.00,400.15,9.05,,65.72,-0.44,Rich ore,1,0,1.00,,0.01,
1183,Line#45,235.65,237.65,1210.00,1568.00,394.63,2,,,,Poor ore,0,1,0.00,,,
1184,Line#45,237.65,252.65,1210.00,1568.00,386.13,15,,65.73,-0.43,Rich ore,1,0,1.00,,0.01,
1185,Line#45,252.65,261.4,1210.00,1568.00,374.25,8.75,,67.35,0.40,Rich ore,1,0,1.00,,0.01,
1186,Line#45,261.4,268.6,1210.00,1568.00,366.28,7.2,,,,Poor ore,0,1,0.00,,,
1187,Line#45,268.6,269.35,1210.00,1568.00,362.30,0.75,,,,,0,0,,,,
1188,Line#45,269.35,274.45,1210.00,1568.00,359.38,5.1,,,,Poor ore,0,1,0.00,,,
1189,Line#45,274.45,275.45,1210.00,1568.00,356.33,1,,,,,0,0,,,,
1190,Line#45,275.45,276.85,1210.00,1568.00,355.13,1.4,,,,Poor ore,0,1,0.00,,,
1191,Line#45,276.85,278.25,1210.00,1568.00,353.73,1.4,,,,Rich ore,1,0,1.00,,,
1192,Line#45,278.25,284.5,1210.00,1568.00,349.90,6.25,,,,Poor ore,0,1,0.00,,,
1193,Line#46,0,15,1801.00,1974.00,742.88,15,1.12,67.51,0.51,Rich ore,1,0,1.00,0.11,0.20,0.21
1194,Line#46,15,30,1801.00,1974.00,727.88,15,0.43,68.77,2.20,Rich ore,1,0,1.00,0.11,0.03,0.33
1195,Line#46,30,45,1801.00,1974.00,712.88,15,1.37,67.23,0.32,Rich ore,1,0,1.00,0.12,0.08,0.25
1196,Line#46,45,60,1801.00,1974.00,697.88,15,2.29,65.43,-0.53,Rich ore,1,0,1.00,0.63,0.04,0.49
1197,Line#46,60,75,1801.00,1974.00,682.88,15,1.96,61.86,-1.37,Rich ore,1,0,1.00,3.56,0.03,0.24
1198,Line#46,75,90,1801.00,1974.00,667.88,15,1.46,56.70,-1.90,Rich ore,1,0,1.00,7.02,0.06,0.30
1199,Line#46,90,100.2,1801.00,1974.00,655.28,10.2,0.97,59.68,-1.63,Rich ore,1,0,1.00,3.62,0.09,0.63
1200,Line#46,100.2,115.2,1801.00,1974.00,642.68,15,,32.12,,Poor ore,0,1,0.00,1.70,0.06,
1201,Line#46,115.2,133.47,1801.00,1974.00,626.04,18.27,,22.83,,Poor ore,0,1,0.00,0.28,0.02,
1202,Line#47,0,15,1200.00,1970.00,669.64,15,,48.45,,Poor ore,0,1,0.00,0.12,0.14,
1203,Line#47,15,29.01,1200.00,1970.00,655.13,14.01,,45.25,,Poor ore,0,1,0.00,0.44,0.12,
1204,Line#47,29.01,33.61,1200.00,1970.00,645.83,4.6,,,,Rich ore,1,0,1.00,,,
1205,Line#47,33.61,34.01,1200.00,1970.00,643.33,0.4,,,,,0,0,,,,
1206,Line#47,34.01,49.06,1200.00,1970.00,635.61,15.05,5.00,60.60,-1.55,Rich ore,1,0,1.00,1.59,0.03,0.69
1207,Line#47,49.06,50.66,1200.00,1970.00,627.28,1.6,,,,,0,0,,,,
1208,Line#47,50.66,59.58,1200.00,1970.00,622.02,8.92,3.67,55.42,-2.05,Rich ore,1,0,1.00,5.80,0.03,0.59
1209,Line#47,59.58,59.68,1200.00,1970.00,617.51,0.1,,,,,0,0,,,,
1210,Line#47,59.68,74.68,1200.00,1970.00,609.96,15,3.14,45.06,-2.63,Rich ore,1,0,1.00,12.85,0.03,1.36
1211,Line#47,74.68,89.68,1200.00,1970.00,594.96,15,1.16,61.17,-1.49,Rich ore,1,0,1.00,3.30,0.02,2.21
1212,Line#47,89.68,107.46,1200.00,1970.00,578.57,17.78,0.84,65.00,-0.71,Rich ore,1,0,1.00,0.28,0.02,3.58
1213,Line#47,107.46,108.37,1200.00,1970.00,569.23,0.91,,,,Poor ore,0,1,0.00,,,
1214,Line#47,108.37,108.47,1200.00,1970.00,568.72,0.1,,,,,0,0,,,,
1215,Line#47,108.47,108.92,1200.00,1970.00,568.45,0.45,,,,Poor ore,0,1,0.00,,,
1216,Line#48,0,15.45,1801.00,2771.00,697.69,15.45,3.16,61.80,-1.39,Rich ore,1,0,1.00,0.10,0.19,0.27
1217,Line#48,15.45,30.45,1801.00,2771.00,682.47,15,,36.84,,Poor ore,0,1,0.00,2.06,0.12,
1218,Line#48,30.45,45.45,1801.00,2771.00,667.47,15,,25.00,,Poor ore,0,1,0.00,1.17,0.10,
1219,Line#48,45.45,60.45,1801.00,2771.00,652.47,15,,23.78,,Poor ore,0,1,0.00,1.08,0.05,
1220,Line#48,60.45,75.45,1801.00,2771.00,637.47,15,,16.98,,Poor ore,0,1,0.00,1.27,0.02,
1221,Line#48,75.45,93.35,1801.00,2771.00,621.02,17.9,,17.06,,Poor ore,0,1,0.00,1.17,0.02,
1222,Line#49,0,15,1373.00,2371.00,669.55,15,,32.10,,Poor ore,0,1,0.00,0.16,0.11,
1223,Line#49,15,33.27,1373.00,2371.00,652.91,18.27,,27.53,,Poor ore,0,1,0.00,0.64,0.09,
1224,Line#49,33.27,34.75,1373.00,2371.00,643.04,1.48,,,,,0,0,,,,
1225,Line#49,34.75,44.43,1373.00,2371.00,637.46,9.68,,29.55,,Poor ore,0,1,0.00,1.33,0.03,
1226,Line#49,44.43,44.55,1373.00,2371.00,632.56,0.12,,,,,0,0,,,,
1227,Line#49,44.55,45.05,1373.00,2371.00,632.25,0.5,,,,Poor ore,0,1,0.00,,,
1228,Line#49,45.05,45.2,1373.00,2371.00,631.92,0.15,,,,,0,0,,,,
1229,Line#49,45.2,60.2,1373.00,2371.00,624.35,15,,26.23,,Poor ore,0,1,0.00,1.40,0.05,
1230,Line#49,60.2,75.2,1373.00,2371.00,609.35,15,,18.80,,Poor ore,0,1,0.00,1.50,0.02,
1231,Line#49,75.2,87.6,1373.00,2371.00,595.65,12.4,,18.80,,Poor ore,0,1,0.00,1.50,0.02,
1232,Line#49,87.6,88.65,1373.00,2371.00,588.92,1.05,,,,Rich ore,1,0,1.00,,,
1233,Line#49,88.65,90.15,1373.00,2371.00,587.65,1.5,,,,,0,0,,,,
1234,Line#49,90.15,90.56,1373.00,2371.00,586.69,0.41,,,,Rich ore,1,0,1.00,,,
1235,Line#49,90.56,93.2,1373.00,2371.00,585.17,2.64,,,,Poor ore,0,1,0.00,,,
1236,Line#49,93.2,108.25,1373.00,2371.00,576.32,15.05,,61.30,-1.45,Rich ore,1,0,1.00,,0.02,
1237,Line#49,108.25,110.25,1373.00,2371.00,567.80,2,,,,Poor ore,0,1,0.00,,,
1238,Line#49,110.25,116.65,1373.00,2371.00,563.60,6.4,,,,Rich ore,1,0,1.00,,,
1239,Line#49,116.65,117.4,1373.00,2371.00,560.02,0.75,,,,,0,0,,,,
1240,Line#49,117.4,119.29,1373.00,2371.00,558.70,1.89,,,,Rich ore,1,0,1.00,,,
1241,Line#49,119.29,120.87,1373.00,2371.00,556.97,1.58,,,,Poor ore,0,1,0.00,,,
1242,Line#49,120.87,120.93,1373.00,2371.00,556.15,0.06,,,,,0,0,,,,
1243,Line#49,120.93,122.55,1373.00,2371.00,555.31,1.62,,,,Poor ore,0,1,0.00,,,
1244,Line#49,122.55,123.15,1373.00,2371.00,554.20,0.6,,,,,0,0,,,,
1245,Line#49,123.15,124.55,1373.00,2371.00,553.20,1.4,,,,Rich ore,1,0,1.00,,,
1246,Line#49,124.55,125.1,1373.00,2371.00,552.22,0.55,,,,,0,0,,,,
1247,Line#49,125.1,128.15,1373.00,2371.00,550.42,3.05,,,,Rich ore,1,0,1.00,,,
1248,Line#49,128.15,135.92,1373.00,2371.00,545.01,7.77,,50.39,,Poor ore,0,1,0.00,,0.01,
1249,Line#49,135.92,135.94,1373.00,2371.00,541.12,0.02,,,,,0,0,,,,
1250,Line#49,135.94,139.86,1373.00,2371.00,539.15,3.92,,,,Poor ore,0,1,0.00,,,
1251,Line#50,0,15,1003.00,2401.00,667.51,15,,33.35,,Poor ore,0,1,0.00,0.07,0.05,
1252,Line#50,15,30,1003.00,2401.00,652.51,15,,24.78,,Poor ore,0,1,0.00,1.00,0.04,
1253,Line#50,30,39.79,1003.00,2401.00,640.12,9.79,,15.10,,Poor ore,0,1,0.00,0.22,0.02,
1254,Line#50,39.79,40.41,1003.00,2401.00,634.91,0.62,,,,,0,0,,,,
1255,Line#50,40.41,47.51,1003.00,2401.00,631.05,7.1,,,,Poor ore,0,1,0.00,,,
1256,Line#51,0,19.51,1447.00,2779.00,665.96,19.51,2.07,63.85,-1.04,Rich ore,1,0,1.00,0.07,0.18,0.90
1257,Line#51,19.51,34.51,1447.00,2779.00,648.70,15,,45.10,,Poor ore,0,1,0.00,0.43,0.10,
1258,Line#51,34.51,47.13,1447.00,2779.00,634.89,12.62,,45.10,,Poor ore,0,1,0.00,0.43,0.10,
1259,Line#51,47.13,62.13,1447.00,2779.00,621.08,15,1.35,65.94,-0.33,Rich ore,1,0,1.00,0.05,0.03,1.32
1260,Line#51,62.13,79.2,1447.00,2779.00,605.05,17.07,,64.41,-0.90,Rich ore,1,0,1.00,0.06,0.05,
1261,Line#51,79.2,79.95,1447.00,2779.00,596.13,0.75,,,,Poor ore,0,1,0.00,,,
1262,Line#51,79.95,80.7,1447.00,2779.00,595.38,0.75,,,,,0,0,,,,
1263,Line#51,80.7,86.15,1447.00,2779.00,592.29,5.45,,,,Poor ore,0,1,0.00,,,
1264,Line#51,86.15,94.5,1447.00,2779.00,585.38,8.35,,64.66,-0.84,Rich ore,1,0,1.00,0.13,0.04,
1265,Line#51,94.5,96.9,1447.00,2779.00,580.01,2.4,,,,,0,0,,,,
1266,Line#51,96.9,110.25,1447.00,2779.00,572.13,13.35,,63.54,-1.08,Rich ore,1,0,1.00,0.11,0.04,
1267,Line#51,110.25,112.5,1447.00,2779.00,564.34,2.25,,,,,0,0,,,,
1268,Line#51,112.5,116,1447.00,2779.00,561.46,3.5,,,,Rich ore,1,0,1.00,,,
1269,Line#51,116,136,1447.00,2779.00,549.71,20,,34.11,,Poor ore,0,1,0.00,0.25,0.04,
1270,Line#52,0,10.67,1899.00,2974.00,704.00,10.67,0.90,65.30,-0.56,Rich ore,1,0,1.00,0.08,0.15,0.90
1271,Line#52,10.67,25.67,1899.00,2974.00,691.17,15,,20.40,,Poor ore,0,1,0.00,0.53,0.07,
1272,Line#52,25.67,40.67,1899.00,2974.00,676.17,15,,20.40,,Poor ore,0,1,0.00,0.53,0.07,
1273,Line#52,40.67,55.67,1899.00,2974.00,661.17,15,,20.40,,Poor ore,0,1,0.00,0.53,0.07,
1274,Line#52,55.67,70.67,1899.00,2974.00,646.17,15,,20.40,,Poor ore,0,1,0.00,0.53,0.07,
1275,Line#52,70.67,85.67,1899.00,2974.00,631.17,15,,13.50,,Poor ore,0,1,0.00,0.46,0.06,
1276,Line#52,85.67,100.67,1899.00,2974.00,616.17,15,,8.90,,Poor ore,0,1,0.00,0.41,0.06,
1277,Line#52,100.67,115.67,1899.00,2974.00,601.17,15,,8.90,,Poor ore,0,1,0.00,0.41,0.06,
1278,Line#52,115.67,130.67,1899.00,2974.00,586.17,15,,8.90,,Poor ore,0,1,0.00,0.41,0.06,
1279,Line#52,130.67,145.67,1899.00,2974.00,571.17,15,,8.90,,Poor ore,0,1,0.00,0.41,0.06,
1280,Line#52,145.67,160.67,1899.00,2974.00,556.17,15,,8.90,,Poor ore,0,1,0.00,0.41,0.06,
1281,Line#52,160.67,175.67,1899.00,2974.00,541.17,15,,8.90,,Poor ore,0,1,0.00,0.41,0.06,
1282,Line#52,175.67,188.17,1899.00,2974.00,527.42,12.5,,27.09,,Poor ore,0,1,0.00,,0.02,
1283,Line#53,0,15,1504.00,3172.00,652.47,15,2.67,61.68,-1.40,Rich ore,1,0,1.00,0.06,0.25,0.38
1284,Line#53,15,28.91,1504.00,3172.00,638.01,13.91,0.97,66.51,-0.11,Rich ore,1,0,1.00,0.70,0.03,0.65
1285,Line#53,28.91,30.31,1504.00,3172.00,630.36,1.4,,,,Poor ore,0,1,0.00,,,
1286,Line#53,30.31,35.21,1504.00,3172.00,627.21,4.9,,,,Rich ore,1,0,1.00,,,
1287,Line#53,35.21,38.01,1504.00,3172.00,623.36,2.8,,,,Poor ore,0,1,0.00,,,
1288,Line#53,38.01,42.21,1504.00,3172.00,619.86,4.2,,,,Rich ore,1,0,1.00,,,
1289,Line#53,42.21,46.13,1504.00,3172.00,615.80,3.92,,,,Poor ore,0,1,0.00,,,
1290,Line#54,0,5.51,1202.00,2969.00,548.95,5.51,,,,Rich ore,1,0,1.00,,,
1291,Line#54,5.51,20.51,1202.00,2969.00,538.69,15,,26.90,,Poor ore,0,1,0.00,0.50,0.05,
1292,Line#54,20.51,31.13,1202.00,2969.00,525.88,10.62,,28.41,,Poor ore,0,1,0.00,4.17,0.05,
1293,Line#54,31.13,42.6,1202.00,2969.00,514.84,11.47,0.84,55.00,-2.11,Rich ore,1,0,1.00,7.36,0.02,1.61
1294,Line#54,42.6,43.3,1202.00,2969.00,508.75,0.7,,,,,0,0,,,,
1295,Line#54,43.3,57.73,1202.00,2969.00,501.19,14.43,1.04,64.09,-0.97,Rich ore,1,0,1.00,0.37,0.06,2.65
1296,Line#54,57.73,67.21,1202.00,2969.00,489.23,9.48,,29.50,,Poor ore,0,1,0.00,0.70,0.04,
1297,Line#54,67.21,74.06,1202.00,2969.00,481.07,6.85,,,,Rich ore,1,0,1.00,,,
1298,Line#54,74.06,89.06,1202.00,2969.00,470.14,15,,45.52,,Poor ore,0,1,0.00,1.20,0.10,
1299,Line#54,89.06,110.65,1202.00,2969.00,451.85,21.59,,41.02,,Poor ore,0,1,0.00,0.24,0.05,
1300,Line#54,110.65,125.05,1202.00,2969.00,433.85,14.4,,62.68,-1.23,Rich ore,1,0,1.00,0.23,0.03,
1301,Line#54,125.05,128.2,1202.00,2969.00,425.08,3.15,,,,Poor ore,0,1,0.00,,,
1302,Line#55,0,16.71,9.00,200.00,661.85,16.71,,52.25,-2.36,Rich ore,1,0,1.00,0.06,0.11,
1303,Line#55,16.71,31.71,9.00,200.00,645.99,15,,18.80,,Poor ore,0,1,0.00,0.38,0.03,
1304,Line#55,31.71,46.71,9.00,200.00,630.99,15,,18.80,,Poor ore,0,1,0.00,0.38,0.03,
1305,Line#55,46.71,61.71,9.00,200.00,615.99,15,,18.69,,Poor ore,0,1,0.00,0.61,0.02,
1306,Line#55,61.71,75,9.00,200.00,601.85,13.29,,16.70,,Poor ore,0,1,0.00,0.76,0.01,
1307,Line#56,0,8.84,1800.00,3167.00,680.33,8.84,,41.92,,Poor ore,0,1,0.00,0.03,0.31,
1308,Line#56,8.84,20.75,1800.00,3167.00,669.96,11.91,,61.42,-1.43,Rich ore,1,0,1.00,1.31,0.06,
1309,Line#56,20.75,35.75,1800.00,3167.00,656.50,15,,34.55,,Poor ore,0,1,0.00,0.75,0.10,
1310,Line#56,35.75,46.43,1800.00,3167.00,643.66,10.68,,56.15,,Poor ore,0,1,0.00,0.34,0.06,
1311,Line#56,46.43,62.55,1800.00,3167.00,630.26,16.12,,67.19,0.28,Rich ore,1,0,1.00,0.05,0.03,
1312,Line#56,62.55,65.6,1800.00,3167.00,620.67,3.05,,,,Poor ore,0,1,0.00,,,
1313,Line#56,65.6,68.2,1800.00,3167.00,617.85,2.6,,,,Rich ore,1,0,1.00,,,
1314,Line#56,68.2,83.2,1800.00,3167.00,609.05,15,,22.34,,Poor ore,0,1,0.00,0.86,0.09,
1315,Line#56,83.2,94.5,1800.00,3167.00,595.90,11.3,,16.35,,Poor ore,0,1,0.00,0.74,0.08,
1316,Line#57,0,20.45,1228.00,3165.00,533.33,20.45,,48.48,,Poor ore,0,1,0.00,0.05,0.02,
1317,Line#58,0,2.03,10.00,378.00,681.43,2.03,,,,Rich ore,1,0,1.00,,,
1318,Line#58,2.03,17.03,10.00,378.00,672.91,15,,33.67,,Poor ore,0,1,0.00,0.06,0.08,
1319,Line#58,17.03,31.4,10.00,378.00,658.23,14.37,,13.99,,Poor ore,0,1,0.00,0.14,0.05,
1320,Line#59,0,11.85,210.00,194.00,646.96,11.85,,47.74,,Poor ore,0,1,0.00,0.18,0.27,
1321,Line#59,11.85,27.85,210.00,194.00,633.03,16,,56.76,-1.88,Rich ore,1,0,1.00,0.11,0.11,
1322,Line#59,27.85,34.1,210.00,194.00,621.90,6.25,,,,Poor ore,0,1,0.00,,,
1323,Line#59,34.1,35.15,210.00,194.00,618.25,1.05,,,,,0,0,,,,
1324,Line#59,35.15,50.05,210.00,194.00,610.28,14.9,,23.74,,Poor ore,0,1,0.00,0.11,0.07,
1325,Line#60,0,15,409.00,2.00,682.32,15,,66.83,0.08,Rich ore,1,0,1.00,0.07,0.09,
1326,Line#60,15,29.95,409.00,2.00,667.35,14.95,,67.06,0.22,Rich ore,1,0,1.00,0.13,0.04,
1327,Line#60,29.95,30.5,409.00,2.00,659.60,0.55,,,,Poor ore,0,1,0.00,,,
1328,Line#60,30.5,47.84,409.00,2.00,650.65,17.34,,66.09,-0.29,Rich ore,1,0,1.00,1.27,0.04,
1329,Line#61,0,15,1800.00,1374.00,725.14,15,,64.49,-0.89,Rich ore,1,0,1.00,0.05,0.27,
1330,Line#61,15,24.04,1800.00,1374.00,713.12,9.04,,67.66,0.64,Rich ore,1,0,1.00,0.08,0.11,
1331,Line#61,24.04,24.22,1800.00,1374.00,708.51,0.18,,,,,0,0,,,,
1332,Line#61,24.22,34.84,1800.00,1374.00,703.11,10.62,,61.21,-1.48,Rich ore,1,0,1.00,1.13,0.08,
1333,Line#61,34.84,35.5,1800.00,1374.00,697.47,0.66,,,,,0,0,,,,
1334,Line#61,35.5,38.98,1800.00,1374.00,695.40,3.48,,,,Rich ore,1,0,1.00,,,
1335,Line#61,38.98,53.98,1800.00,1374.00,686.16,15,,26.64,,Poor ore,0,1,0.00,1.93,0.12,
1336,Line#61,53.98,68.98,1800.00,1374.00,671.16,15,,17.73,,Poor ore,0,1,0.00,0.74,0.10,
1337,Line#61,68.98,81.39,1800.00,1374.00,657.46,12.41,,19.90,,Poor ore,0,1,0.00,1.11,0.11,
1338,Line#62,0,15,608.00,-48.00,684.22,15,,54.25,,Poor ore,0,1,0.00,0.08,0.17,
1339,Line#62,15,30,608.00,-48.00,669.22,15,,24.90,,Poor ore,0,1,0.00,0.14,0.18,
1340,Line#62,30,45,608.00,-48.00,654.22,15,,30.98,,Poor ore,0,1,0.00,0.12,0.20,
1341,Line#62,45,54.6,608.00,-48.00,641.92,9.6,,31.44,,Poor ore,0,1,0.00,4.22,0.10,
1342,Line#62,54.6,57.55,608.00,-48.00,635.65,2.95,,,,Rich ore,1,0,1.00,,,
1343,Line#62,57.55,63.67,608.00,-48.00,631.11,6.12,,,,Poor ore,0,1,0.00,,,
1344,Line#63,0,4.47,1623.00,1375.00,704.51,4.47,,,,Rich ore,1,0,1.00,,,
1345,Line#63,4.47,4.64,1623.00,1375.00,702.20,0.17,,,,,0,0,,,,
1346,Line#63,4.64,6.85,1623.00,1375.00,701.00,2.21,,,,Rich ore,1,0,1.00,,,
1347,Line#63,6.85,7.62,1623.00,1375.00,699.51,0.77,,,,,0,0,,,,
1348,Line#63,7.62,22.62,1623.00,1375.00,691.63,15,,66.76,0.02,Rich ore,1,0,1.00,0.05,0.09,
1349,Line#63,22.62,37.62,1623.00,1375.00,676.63,15,,67.83,0.81,Rich ore,1,0,1.00,0.09,0.05,
1350,Line#63,37.62,52.62,1623.00,1375.00,661.63,15,,67.05,0.21,Rich ore,1,0,1.00,1.23,0.03,
1351,Line#63,52.62,67.62,1623.00,1375.00,646.63,15,,66.03,-0.30,Rich ore,1,0,1.00,2.05,0.04,
1352,Line#63,67.62,82.62,1623.00,1375.00,631.63,15,,68.24,1.31,Rich ore,1,0,1.00,0.29,0.02,
1353,Line#63,82.62,97.62,1623.00,1375.00,616.63,15,,68.07,1.09,Rich ore,1,0,1.00,0.27,0.02,
1354,Line#63,97.62,112.62,1623.00,1375.00,601.63,15,,68.46,1.61,Rich ore,1,0,1.00,0.21,0.02,
1355,Line#63,112.62,129.7,1623.00,1375.00,585.59,17.08,,68.47,1.65,Rich ore,1,0,1.00,0.12,0.02,
1356,Line#63,129.7,133.59,1623.00,1375.00,575.11,3.89,,,,,0,0,,,,
1357,Line#63,133.59,136.86,1623.00,1375.00,571.52,3.27,,,,Rich ore,1,0,1.00,,,
1358,Line#63,136.86,138.07,1623.00,1375.00,569.28,1.21,,,,,0,0,,,,
1359,Line#63,138.07,147.24,1623.00,1375.00,564.10,9.17,,67.61,0.60,Rich ore,1,0,1.00,0.15,0.02,
1360,Line#63,147.24,148.59,1623.00,1375.00,558.84,1.35,,,,,0,0,,,,
1361,Line#63,148.59,153.56,1623.00,1375.00,555.67,4.97,,,,Rich ore,1,0,1.00,,,
1362,Line#63,153.56,158.04,1623.00,1375.00,550.95,4.48,,,,Poor ore,0,1,0.00,,,
1363,Line#63,158.04,175.42,1623.00,1375.00,540.02,17.38,,66.21,-0.23,Rich ore,1,0,1.00,1.02,0.04,
1364,Line#63,175.42,183.06,1623.00,1375.00,527.51,7.64,,43.60,,Poor ore,0,1,0.00,2.98,0.07,
1365,Line#63,183.06,184.79,1623.00,1375.00,522.83,1.73,,,,,0,0,,,,
1366,Line#63,184.79,193.36,1623.00,1375.00,517.67,8.57,,28.30,,Poor ore,0,1,0.00,1.43,0.06,
1367,Line#64,0,15,1606.00,1572.00,695.02,15,,64.68,-0.83,Rich ore,1,0,1.00,0.06,0.21,
1368,Line#64,15,32.15,1606.00,1572.00,678.94,17.15,,67.07,0.22,Rich ore,1,0,1.00,0.06,0.04,
1369,Line#64,32.15,33.43,1606.00,1572.00,669.73,1.28,,,,,0,0,,,,
1370,Line#64,33.43,34.96,1606.00,1572.00,668.33,1.53,,,,Rich ore,1,0,1.00,,,
1371,Line#64,34.96,35.01,1606.00,1572.00,667.53,0.05,,,,,0,0,,,,
1372,Line#64,35.01,38.24,1606.00,1572.00,665.89,3.23,,,,Rich ore,1,0,1.00,,,
1373,Line#64,38.24,40.03,1606.00,1572.00,663.38,1.79,,,,,0,0,,,,
1374,Line#64,40.03,42.09,1606.00,1572.00,661.46,2.06,,,,Rich ore,1,0,1.00,,,
1375,Line#64,42.09,43.34,1606.00,1572.00,659.80,1.25,,,,,0,0,,,,
1376,Line#64,43.34,44.4,1606.00,1572.00,658.65,1.06,,,,Rich ore,1,0,1.00,,,
1377,Line#64,44.4,44.7,1606.00,1572.00,657.97,0.3,,,,,0,0,,,,
1378,Line#64,44.7,59.7,1606.00,1572.00,650.32,15,,66.57,-0.05,Rich ore,1,0,1.00,0.16,0.02,
1379,Line#64,59.7,74.7,1606.00,1572.00,635.32,15,,64.45,-0.89,Rich ore,1,0,1.00,1.35,0.02,
1380,Line#64,74.7,84.73,1606.00,1572.00,622.81,10.03,,65.43,-0.54,Rich ore,1,0,1.00,1.04,0.02,
1381,Line#64,84.73,86.05,1606.00,1572.00,617.13,1.32,,,,,0,0,,,,
1382,Line#64,86.05,97.83,1606.00,1572.00,610.58,11.78,,64.07,-0.98,Rich ore,1,0,1.00,0.48,0.02,
1383,Line#64,97.83,98.36,1606.00,1572.00,604.42,0.53,,,,,0,0,,,,
1384,Line#64,98.36,113.36,1606.00,1572.00,596.66,15,,63.90,-1.01,Rich ore,1,0,1.00,2.50,0.03,
1385,Line#64,113.36,124.68,1606.00,1572.00,583.50,11.32,,64.55,-0.87,Rich ore,1,0,1.00,0.54,0.03,
1386,Line#64,124.68,125.91,1606.00,1572.00,577.23,1.23,,,,,0,0,,,,
1387,Line#64,125.91,143.01,1606.00,1572.00,568.06,17.1,,65.09,-0.67,Rich ore,1,0,1.00,0.78,0.03,
1388,Line#64,143.01,146.46,1606.00,1572.00,557.79,3.45,,,,,0,0,,,,
1389,Line#64,146.46,151.59,1606.00,1572.00,553.50,5.13,,,,Rich ore,1,0,1.00,,,
1390,Line#64,151.59,154.78,1606.00,1572.00,549.34,3.19,,,,Poor ore,0,1,0.00,,,
1391,Line#64,154.78,157.83,1606.00,1572.00,546.22,3.05,,,,,0,0,,,,
1392,Line#64,157.83,170.05,1606.00,1572.00,538.58,12.22,,19.52,,Poor ore,0,1,0.00,0.30,0.04,
1393,Line#65,0,15,1600.00,2770.00,690.35,15,,62.76,-1.20,Rich ore,1,0,1.00,0.12,0.20,
1394,Line#65,15,30,1600.00,2770.00,675.35,15,,65.04,-0.70,Rich ore,1,0,1.00,0.20,0.13,
1395,Line#65,30,45,1600.00,2770.00,660.35,15,,65.62,-0.48,Rich ore,1,0,1.00,0.73,0.05,
1396,Line#65,45,60,1600.00,2770.00,645.35,15,,67.00,0.18,Rich ore,1,0,1.00,0.05,0.03,
1397,Line#65,60,75,1600.00,2770.00,630.35,15,,67.10,0.23,Rich ore,1,0,1.00,0.09,0.04,
1398,Line#65,75,90,1600.00,2770.00,615.35,15,,66.68,-0.00,Rich ore,1,0,1.00,0.14,0.04,
1399,Line#65,90,110.5,1600.00,2770.00,597.60,20.5,,67.39,0.44,Rich ore,1,0,1.00,0.11,0.03,
1400,Line#65,110.5,112.9,1600.00,2770.00,586.15,2.4,,,,Poor ore,0,1,0.00,,,
1401,Line#65,112.9,113.45,1600.00,2770.00,584.68,0.55,,,,,0,0,,,,
1402,Line#65,113.45,117.15,1600.00,2770.00,582.55,3.7,,,,Rich ore,1,0,1.00,,,
1403,Line#65,117.15,132.15,1600.00,2770.00,573.20,15,,10.32,,Poor ore,0,1,0.00,0.60,0.05,
1404,Line#65,132.15,147.15,1600.00,2770.00,558.20,15,,12.63,,Poor ore,0,1,0.00,0.95,0.02,
1405,Line#65,147.15,162.15,1600.00,2770.00,543.20,15,,14.40,,Poor ore,0,1,0.00,1.12,0.02,
1406,Line#65,162.15,177.15,1600.00,2770.00,528.20,15,,5.76,,Poor ore,0,1,0.00,0.36,0.01,
1407,Line#65,177.15,192.15,1600.00,2770.00,513.20,15,,4.80,,Poor ore,0,1,0.00,0.27,0.01,
1408,Line#65,192.15,207.15,1600.00,2770.00,498.20,15,,7.92,,Poor ore,0,1,0.00,0.58,0.02,
1409,Line#65,207.15,222.15,1600.00,2770.00,483.20,15,,8.10,,Poor ore,0,1,0.00,0.61,0.03,
1410,Line#65,222.15,232.15,1600.00,2770.00,470.70,10,,28.74,,Poor ore,0,1,0.00,0.35,0.02,
1411,Line#66,0,8.08,1898.00,2772.00,687.54,8.08,,58.55,-1.82,Rich ore,1,0,1.00,0.04,0.13,
1412,Line#66,8.08,23.08,1898.00,2772.00,676.00,15,,40.74,,Poor ore,0,1,0.00,2.05,0.21,
1413,Line#66,23.08,38.08,1898.00,2772.00,661.00,15,,29.90,,Poor ore,0,1,0.00,6.63,0.10,
1414,Line#66,38.08,52.8,1898.00,2772.00,646.14,14.72,,30.75,,Poor ore,0,1,0.00,0.60,0.04,
1415,Line#66,52.8,65.5,1898.00,2772.00,632.43,12.7,,65.20,-0.62,Rich ore,1,0,1.00,0.57,0.03,
1416,Line#66,65.5,66.5,1898.00,2772.00,625.58,1,,,,,0,0,,,,
1417,Line#66,66.5,70.15,1898.00,2772.00,623.26,3.65,,,,Rich ore,1,0,1.00,,,
1418,Line#66,70.15,70.75,1898.00,2772.00,621.13,0.6,,,,,0,0,,,,
1419,Line#66,70.75,73.15,1898.00,2772.00,619.63,2.4,,,,Rich ore,1,0,1.00,,,
1420,Line#67,0,12.48,1598.00,1774.00,721.78,12.48,,66.44,-0.15,Rich ore,1,0,1.00,0.06,0.09,
1421,Line#67,12.48,13.8,1598.00,1774.00,714.88,1.32,,,,,0,0,,,,
1422,Line#67,13.8,28.8,1598.00,1774.00,706.72,15,,67.39,0.43,Rich ore,1,0,1.00,0.31,0.05,
1423,Line#67,28.8,43.8,1598.00,1774.00,691.72,15,,61.23,-1.47,Rich ore,1,0,1.00,2.32,0.04,
1424,Line#67,43.8,58.8,1598.00,1774.00,676.72,15,,48.47,-2.47,Rich ore,1,0,1.00,17.56,0.04,
1425,Line#67,58.8,71.16,1598.00,1774.00,663.04,12.36,,55.65,-2.03,Rich ore,1,0,1.00,11.18,0.05,
1426,Line#67,71.16,72.49,1598.00,1774.00,656.19,1.33,,,,,0,0,,,,
1427,Line#67,72.49,87.49,1598.00,1774.00,648.03,15,,33.17,,Poor ore,0,1,0.00,2.01,0.19,
1428,Line#67,87.49,102.49,1598.00,1774.00,633.03,15,,28.25,,Poor ore,0,1,0.00,0.63,0.11,
1429,Line#67,102.49,117.49,1598.00,1774.00,618.03,15,,14.00,,Poor ore,0,1,0.00,0.56,0.03,
1430,Line#67,117.49,133.93,1598.00,1774.00,602.31,16.44,,12.00,,Poor ore,0,1,0.00,0.72,0.04,
1431,Line#68,0,15,1797.00,2173.00,703.35,15,,62.88,-1.19,Rich ore,1,0,1.00,0.08,0.34,
1432,Line#68,15,30,1797.00,2173.00,688.35,15,,65.20,-0.61,Rich ore,1,0,1.00,0.06,0.14,
1433,Line#68,30,45,1797.00,2173.00,673.35,15,,64.80,-0.78,Rich ore,1,0,1.00,0.14,0.15,
1434,Line#68,45,60,1797.00,2173.00,658.35,15,,65.72,-0.44,Rich ore,1,0,1.00,0.14,0.06,
1435,Line#68,60,75,1797.00,2173.00,643.35,15,,67.25,0.34,Rich ore,1,0,1.00,0.07,0.06,
1436,Line#68,75,93.69,1797.00,2173.00,626.50,18.69,,67.67,0.64,Rich ore,1,0,1.00,0.08,0.04,
1437,Line#68,93.69,94.21,1797.00,2173.00,616.90,0.52,,,,,0,0,,,,
1438,Line#68,94.21,96.15,1797.00,2173.00,615.67,1.94,,,,Rich ore,1,0,1.00,,,
1439,Line#68,96.15,99.8,1797.00,2173.00,612.88,3.65,,,,,0,0,,,,
1440,Line#68,99.8,101.09,1797.00,2173.00,610.40,1.29,,,,Rich ore,1,0,1.00,,,
1441,Line#68,101.09,101.65,1797.00,2173.00,609.48,0.56,,,,,0,0,,,,
1442,Line#68,101.65,119.19,1797.00,2173.00,600.43,17.54,,67.37,0.41,Rich ore,1,0,1.00,0.10,0.03,
1443,Line#68,119.19,120.21,1797.00,2173.00,591.15,1.02,,,,Poor ore,0,1,0.00,,,
1444,Line#68,120.21,128.05,1797.00,2173.00,586.72,7.84,,67.39,0.43,Rich ore,1,0,1.00,0.12,0.02,
1445,Line#68,128.05,128.15,1797.00,2173.00,582.75,0.1,,,,,0,0,,,,
1446,Line#68,128.15,128.69,1797.00,2173.00,582.43,0.54,,,,Rich ore,1,0,1.00,,,
1447,Line#68,128.69,128.8,1797.00,2173.00,582.11,0.11,,,,,0,0,,,,
1448,Line#68,128.8,148.93,1797.00,2173.00,571.98,20.13,,66.46,-0.13,Rich ore,1,0,1.00,0.82,0.03,
1449,Line#68,148.93,152.09,1797.00,2173.00,560.34,3.16,,,,,0,0,,,,
1450,Line#68,152.09,154.46,1797.00,2173.00,557.57,2.37,,,,Rich ore,1,0,1.00,,,
1451,Line#68,154.46,161.56,1797.00,2173.00,552.84,7.1,,,,Poor ore,0,1,0.00,,,
1452,Line#69,0,10.2,709.00,5.00,691.45,10.2,,56.41,-1.92,Rich ore,1,0,1.00,0.46,0.37,
1453,Line#69,10.2,15.8,709.00,5.00,683.55,5.6,,,,Poor ore,0,1,0.00,,,
1454,Line#69,15.8,30.8,709.00,5.00,673.25,15,,64.86,-0.75,Rich ore,1,0,1.00,0.12,0.07,
1455,Line#69,30.8,45.8,709.00,5.00,658.25,15,,65.95,-0.33,Rich ore,1,0,1.00,0.08,0.04,
1456,Line#69,45.8,66.2,709.00,5.00,640.55,20.4,,67.24,0.34,Rich ore,1,0,1.00,0.08,0.04,
1457,Line#70,0,15,1996.00,604.00,724.32,15,,64.32,-0.93,Rich ore,1,0,1.00,0.11,0.23,
1458,Line#70,15,27.31,1996.00,604.00,710.67,12.31,,62.92,-1.18,Rich ore,1,0,1.00,0.70,0.11,
1459,Line#70,27.31,30.53,1996.00,604.00,702.90,3.22,,,,Poor ore,0,1,0.00,,,
1460,Line#70,30.53,45.53,1996.00,604.00,693.79,15,,66.88,0.11,Rich ore,1,0,1.00,0.21,0.02,
1461,Line#70,45.53,60.53,1996.00,604.00,678.79,15,,67.11,0.24,Rich ore,1,0,1.00,0.32,0.03,
1462,Line#70,60.53,75.53,1996.00,604.00,663.79,15,,66.25,-0.22,Rich ore,1,0,1.00,0.73,0.03,
1463,Line#70,75.53,90.53,1996.00,604.00,648.79,15,,59.78,-1.62,Rich ore,1,0,1.00,4.13,0.04,
1464,Line#70,90.53,99.4,1996.00,604.00,636.86,8.87,,64.74,-0.80,Rich ore,1,0,1.00,0.35,0.03,
1465,Line#70,99.4,101.03,1996.00,604.00,631.61,1.63,,,,,0,0,,,,
1466,Line#70,101.03,107,1996.00,604.00,627.81,5.97,,,,Rich ore,1,0,1.00,,,
1467,Line#70,107,127.59,1996.00,604.00,614.52,20.59,,17.10,,Poor ore,0,1,0.00,1.02,0.05,
1468,Line#71,0,15,1600.00,2572.00,690.95,15,,62.48,-1.25,Rich ore,1,0,1.00,0.05,0.22,
1469,Line#71,15,25.7,1600.00,2572.00,678.10,10.7,,64.14,-0.96,Rich ore,1,0,1.00,0.08,0.09,
1470,Line#71,25.7,34.4,1600.00,2572.00,668.40,8.7,,49.92,,Poor ore,0,1,0.00,0.19,0.10,
1471,Line#71,34.4,49.4,1600.00,2572.00,656.55,15,,66.96,0.14,Rich ore,1,0,1.00,0.05,0.03,
1472,Line#71,49.4,56.95,1600.00,2572.00,645.28,7.55,,67.31,0.38,Rich ore,1,0,1.00,0.05,0.02,
1473,Line#71,56.95,58.15,1600.00,2572.00,640.90,1.2,,,,Poor ore,0,1,0.00,,,
1474,Line#71,58.15,64.6,1600.00,2572.00,637.08,6.45,,,,Rich ore,1,0,1.00,,,
1475,Line#71,64.6,65.8,1600.00,2572.00,633.25,1.2,,,,,0,0,,,,
1476,Line#71,65.8,78.75,1600.00,2572.00,626.18,12.95,,66.98,0.15,Rich ore,1,0,1.00,0.07,0.03,
1477,Line#71,78.75,94,1600.00,2572.00,612.08,15.25,,11.03,,Poor ore,0,1,0.00,0.44,0.03,
1478,Line#72,0,19.91,1401.00,2168.00,632.74,19.91,,55.70,-2.00,Rich ore,1,0,1.00,0.17,0.04,
1479,Line#72,19.91,22.13,1401.00,2168.00,621.67,2.22,,,,Poor ore,0,1,0.00,,,
1480,Line#72,22.13,22.18,1401.00,2168.00,620.54,0.05,,,,,0,0,,,,
1481,Line#73,0,3.05,1801.00,2570.00,697.89,3.05,,,,Rich ore,1,0,1.00,,,
1482,Line#73,3.05,3.33,1801.00,2570.00,696.23,0.28,,,,,0,0,,,,
1483,Line#73,3.33,12.23,1801.00,2570.00,691.64,8.9,,65.16,-0.63,Rich ore,1,0,1.00,0.06,0.16,
1484,Line#73,12.23,12.86,1801.00,2570.00,686.88,0.63,,,,,0,0,,,,
1485,Line#73,12.86,15.1,1801.00,2570.00,685.44,2.24,,,,Rich ore,1,0,1.00,,,
1486,Line#73,15.1,15.5,1801.00,2570.00,684.12,0.4,,,,,0,0,,,,
1487,Line#73,15.5,33.77,1801.00,2570.00,674.78,18.27,,64.76,-0.80,Rich ore,1,0,1.00,1.64,0.04,
1488,Line#73,33.77,36.25,1801.00,2570.00,664.41,2.48,,,,Poor ore,0,1,0.00,,,
1489,Line#73,36.25,37.05,1801.00,2570.00,662.77,0.8,,,,Rich ore,1,0,1.00,,,
1490,Line#73,37.05,37.34,1801.00,2570.00,662.22,0.29,,,,,0,0,,,,
1491,Line#73,37.34,48.98,1801.00,2570.00,656.26,11.64,,67.69,0.66,Rich ore,1,0,1.00,0.10,0.02,
1492,Line#73,48.98,63.98,1801.00,2570.00,642.94,15,,16.23,,Poor ore,0,1,0.00,0.61,0.07,
1493,Line#73,63.98,78.98,1801.00,2570.00,627.94,15,,17.70,,Poor ore,0,1,0.00,1.07,0.07,
1494,Line#73,78.98,93.98,1801.00,2570.00,612.94,15,,14.94,,Poor ore,0,1,0.00,1.00,0.05,
1495,Line#73,93.98,109.9,1801.00,2570.00,597.48,15.92,,13.80,,Poor ore,0,1,0.00,0.88,0.04,
1496,Line#73,109.9,110,1801.00,2570.00,589.47,0.1,,,,,0,0,,,,
1497,Line#73,110,113.35,1801.00,2570.00,587.74,3.35,,,,Poor ore,0,1,0.00,,,
1498,Line#74,0,2.3,1384.00,2569.00,628.04,2.3,,,,Rich ore,1,0,1.00,,,
1499,Line#74,2.3,14.73,1384.00,2569.00,620.68,12.43,,33.27,,Poor ore,0,1,0.00,0.03,0.14,
1500,Line#74,14.73,23.52,1384.00,2569.00,610.07,8.79,,66.89,0.11,Rich ore,1,0,1.00,0.02,0.06,
1501,Line#74,23.52,38.52,1384.00,2569.00,598.17,15,,30.46,,Poor ore,0,1,0.00,0.11,0.08,
1502,Line#74,38.52,53.52,1384.00,2569.00,583.17,15,,17.41,,Poor ore,0,1,0.00,0.57,0.05,
1503,Line#74,53.52,68.52,1384.00,2569.00,568.17,15,,11.50,,Poor ore,0,1,0.00,0.75,0.05,
1504,Line#74,68.52,83.52,1384.00,2569.00,553.17,15,,10.24,,Poor ore,0,1,0.00,0.35,0.03,
1505,Line#74,83.52,98.52,1384.00,2569.00,538.17,15,,10.01,,Poor ore,0,1,0.00,0.25,0.05,
1506,Line#74,98.52,113.52,1384.00,2569.00,523.17,15,,8.86,,Poor ore,0,1,0.00,0.23,0.05,
1507,Line#74,113.52,128.52,1384.00,2569.00,508.17,15,,9.52,,Poor ore,0,1,0.00,0.74,0.05,
1508,Line#74,128.52,143.52,1384.00,2569.00,493.17,15,,9.74,,Poor ore,0,1,0.00,0.59,0.04,
1509,Line#74,143.52,158.52,1384.00,2569.00,478.17,15,,10.06,,Poor ore,0,1,0.00,0.52,0.05,
1510,Line#74,158.52,173.52,1384.00,2569.00,463.17,15,,9.40,,Poor ore,0,1,0.00,0.49,0.06,
1511,Line#74,173.52,188.52,1384.00,2569.00,448.17,15,,9.40,,Poor ore,0,1,0.00,0.49,0.06,
1512,Line#74,188.52,203.52,1384.00,2569.00,433.17,15,,9.40,,Poor ore,0,1,0.00,0.49,0.06,
1513,Line#74,203.52,218.52,1384.00,2569.00,418.17,15,,9.40,,Poor ore,0,1,0.00,0.49,0.06,
1514,Line#74,218.52,233.52,1384.00,2569.00,403.17,15,,10.30,,Poor ore,0,1,0.00,0.42,0.07,
1515,Line#74,233.52,248.52,1384.00,2569.00,388.17,15,,10.75,,Poor ore,0,1,0.00,0.33,0.06,
1516,Line#74,248.52,270.66,1384.00,2569.00,369.60,22.14,,31.62,,Poor ore,0,1,0.00,0.17,0.04,
1517,Line#75,0,15,607.00,51.00,676.13,15,,65.19,-0.63,Rich ore,1,0,1.00,0.05,0.13,
1518,Line#75,15,30,607.00,51.00,661.13,15,,64.84,-0.76,Rich ore,1,0,1.00,3.18,0.02,
1519,Line#75,30,45,607.00,51.00,646.13,15,,62.27,-1.28,Rich ore,1,0,1.00,3.30,0.03,
1520,Line#75,45,52.55,607.00,51.00,634.86,7.55,,61.85,-1.38,Rich ore,1,0,1.00,2.67,0.03,
1521,Line#76,0,15,1607.00,2191.00,622.43,15,,54.88,-2.13,Rich ore,1,0,1.00,0.07,0.18,
1522,Line#76,15,30,1607.00,2191.00,607.43,15,,62.04,-1.33,Rich ore,1,0,1.00,0.07,0.11,
1523,Line#76,30,45,1607.00,2191.00,592.43,15,,63.55,-1.08,Rich ore,1,0,1.00,0.08,0.05,
1524,Line#76,45,57.41,1607.00,2191.00,578.72,12.41,,66.94,0.14,Rich ore,1,0,1.00,0.08,0.04,
1525,Line#76,57.41,58.41,1607.00,2191.00,572.02,1,,,,,0,0,,,,
1526,Line#76,58.41,63.65,1607.00,2191.00,568.90,5.24,,,,Rich ore,1,0,1.00,,,
1527,Line#76,63.65,66.7,1607.00,2191.00,564.75,3.05,,,,,0,0,,,,
1528,Line#76,66.7,81.7,1607.00,2191.00,555.73,15,,66.77,0.04,Rich ore,1,0,1.00,0.12,0.03,
1529,Line#76,81.7,96.7,1607.00,2191.00,540.73,15,,66.53,-0.08,Rich ore,1,0,1.00,0.13,0.03,
1530,Line#76,96.7,112.91,1607.00,2191.00,525.13,16.21,,66.51,-0.10,Rich ore,1,0,1.00,0.12,0.03,
1531,Line#76,112.91,113.11,1607.00,2191.00,516.92,0.2,,,,,0,0,,,,
1532,Line#76,113.11,118.9,1607.00,2191.00,513.92,5.79,,,,Rich ore,1,0,1.00,,,
1533,Line#76,118.9,119.24,1607.00,2191.00,510.86,0.34,,,,,0,0,,,,
1534,Line#76,119.24,124.28,1607.00,2191.00,508.17,5.04,,,,Rich ore,1,0,1.00,,,
1535,Line#76,124.28,125.69,1607.00,2191.00,504.94,1.41,,,,,0,0,,,,
1536,Line#76,125.69,140.69,1607.00,2191.00,496.74,15,,67.55,0.56,Rich ore,1,0,1.00,0.19,0.03,
1537,Line#76,140.69,155.69,1607.00,2191.00,481.74,15,,67.48,0.50,Rich ore,1,0,1.00,0.29,0.04,
1538,Line#76,155.69,176.05,1607.00,2191.00,464.06,20.36,,63.03,-1.16,Rich ore,1,0,1.00,2.85,0.05,
1539,Line#76,176.05,176.21,1607.00,2191.00,453.80,0.16,,,,,0,0,,,,
1540,Line#76,176.21,177.9,1607.00,2191.00,452.87,1.69,,,,Rich ore,1,0,1.00,,,
1541,Line#76,177.9,192.9,1607.00,2191.00,444.53,15,,15.57,,Poor ore,0,1,0.00,1.92,0.05,
1542,Line#76,192.9,207.9,1607.00,2191.00,429.53,15,,9.80,,Poor ore,0,1,0.00,0.61,0.04,
1543,Line#76,207.9,221.7,1607.00,2191.00,415.13,13.8,,9.80,,Poor ore,0,1,0.00,0.61,0.04,
1544,Line#77,0,6.99,1601.00,1.00,742.30,6.99,,,,Poor ore,0,1,0.00,,,
1545,Line#77,6.99,19.29,1601.00,1.00,732.66,12.3,,41.80,,,0,0,,0.43,0.14,
1546,Line#77,19.29,34.29,1601.00,1.00,719.01,15,,24.19,,Poor ore,0,1,0.00,0.61,0.12,
1547,Line#77,34.29,53.11,1601.00,1.00,702.10,18.82,,20.70,,Poor ore,0,1,0.00,0.98,0.08,
1548,Line#77,53.11,54,1601.00,1.00,692.25,0.89,,,,,0,0,,,,
1549,Line#77,54,67.06,1601.00,1.00,685.27,13.06,,16.50,,Poor ore,0,1,0.00,0.53,0.06,
1550,Line#78,0,15,1801.00,799.00,692.39,15,,66.54,-0.07,Rich ore,1,0,1.00,0.05,0.16,
1551,Line#78,15,30,1801.00,799.00,677.39,15,,67.49,0.51,Rich ore,1,0,1.00,0.11,0.08,
1552,Line#78,30,45,1801.00,799.00,662.39,15,,68.04,1.05,Rich ore,1,0,1.00,0.18,0.04,
1553,Line#78,45,60,1801.00,799.00,647.39,15,,67.69,0.67,Rich ore,1,0,1.00,0.38,0.02,
1554,Line#78,60,75,1801.00,799.00,632.39,15,,67.33,0.39,Rich ore,1,0,1.00,0.79,0.03,
1555,Line#78,75,90,1801.00,799.00,617.39,15,,67.12,0.25,Rich ore,1,0,1.00,0.37,0.03,
1556,Line#78,90,105,1801.00,799.00,602.39,15,,66.76,0.03,Rich ore,1,0,1.00,0.59,0.02,
1557,Line#78,105,120,1801.00,799.00,587.39,15,,67.44,0.48,Rich ore,1,0,1.00,0.52,0.02,
1558,Line#78,120,135,1801.00,799.00,572.39,15,,67.76,0.73,Rich ore,1,0,1.00,0.44,0.02,
1559,Line#78,135,148.45,1801.00,799.00,558.16,13.45,,64.80,-0.78,Rich ore,1,0,1.00,0.64,0.03,
1560,Line#78,148.45,149.85,1801.00,799.00,550.74,1.4,,,,Poor ore,0,1,0.00,,,
1561,Line#78,149.85,151.2,1801.00,799.00,549.37,1.35,,,,Rich ore,1,0,1.00,,,
1562,Line#78,151.2,152.55,1801.00,799.00,548.01,1.35,,,,,0,0,,,,
1563,Line#78,152.55,170.82,1801.00,799.00,538.20,18.27,,66.93,0.13,Rich ore,1,0,1.00,0.70,0.03,
1564,Line#78,170.82,172.3,1801.00,799.00,528.33,1.48,,,,,0,0,,,,
1565,Line#78,172.3,176,1801.00,799.00,525.74,3.7,,,,Rich ore,1,0,1.00,,,
1566,Line#78,176,178.5,1801.00,799.00,522.64,2.5,,,,,0,0,,,,
1567,Line#78,178.5,193.2,1801.00,799.00,514.04,14.7,,62.10,-1.32,Rich ore,1,0,1.00,2.74,0.03,
1568,Line#78,193.2,193.7,1801.00,799.00,506.44,0.5,,,,,0,0,,,,
1569,Line#78,193.7,203.85,1801.00,799.00,501.12,10.15,,51.40,,Poor ore,0,1,0.00,0.09,0.02,
1570,Line#79,0,11.38,410.00,194.00,634.10,11.38,,51.79,,Poor ore,0,1,0.00,0.07,0.42,
1571,Line#79,11.38,26.68,410.00,194.00,620.76,15.3,,64.42,-0.89,Rich ore,1,0,1.00,0.12,0.14,
1572,Line#79,26.68,30.3,410.00,194.00,611.30,3.62,,,,Poor ore,0,1,0.00,,,
1573,Line#79,30.3,37,410.00,194.00,606.14,6.7,,,,Rich ore,1,0,1.00,,,
1574,Line#79,37,37.15,410.00,194.00,602.71,0.15,,,,,0,0,,,,
1575,Line#79,37.15,38.99,410.00,194.00,601.72,1.84,,,,Rich ore,1,0,1.00,,,
1576,Line#79,38.99,39.18,410.00,194.00,600.70,0.19,,,,,0,0,,,,
1577,Line#79,39.18,40.79,410.00,194.00,599.80,1.61,,,,Rich ore,1,0,1.00,,,
1578,Line#79,40.79,41,410.00,194.00,598.89,0.21,,,,,0,0,,,,
1579,Line#79,41,60.75,410.00,194.00,588.91,19.75,,67.25,0.34,Rich ore,1,0,1.00,0.07,0.04,
1580,Line#79,60.75,62.45,410.00,194.00,578.19,1.7,,,,,0,0,,,,
1581,Line#79,62.45,64.5,410.00,194.00,576.31,2.05,,,,Rich ore,1,0,1.00,,,
1582,Line#79,64.5,64.82,410.00,194.00,575.13,0.32,,,,,0,0,,,,
1583,Line#79,64.82,76.89,410.00,194.00,568.93,12.07,,67.54,0.56,Rich ore,1,0,1.00,0.07,0.05,
1584,Line#79,76.89,78.23,410.00,194.00,562.23,1.34,,,,,0,0,,,,
1585,Line#79,78.23,93.23,410.00,194.00,554.06,15,,67.51,0.52,Rich ore,1,0,1.00,0.08,0.03,
1586,Line#79,93.23,108.23,410.00,194.00,539.06,15,,67.38,0.42,Rich ore,1,0,1.00,0.09,0.03,
1587,Line#79,108.23,123.23,410.00,194.00,524.06,15,,67.60,0.60,Rich ore,1,0,1.00,0.04,0.02,
1588,Line#79,123.23,136.29,410.00,194.00,510.03,13.06,,68.02,1.05,Rich ore,1,0,1.00,0.04,0.02,
1589,Line#79,136.29,137.29,410.00,194.00,503.00,1,,,,,0,0,,,,
1590,Line#79,137.29,147.2,410.00,194.00,497.54,9.91,,67.68,0.65,Rich ore,1,0,1.00,0.17,0.02,
1591,Line#79,147.2,147.6,410.00,194.00,492.39,0.4,,,,,0,0,,,,
1592,Line#79,147.6,160.85,410.00,194.00,485.56,13.25,,67.66,0.63,Rich ore,1,0,1.00,0.47,0.02,
1593,Line#79,160.85,161.58,410.00,194.00,478.57,0.73,,,,,0,0,,,,
1594,Line#79,161.58,162.52,410.00,194.00,477.74,0.94,,,,Rich ore,1,0,1.00,,,
1595,Line#79,162.52,163.62,410.00,194.00,476.72,1.1,,,,,0,0,,,,
1596,Line#79,163.62,178.62,410.00,194.00,468.67,15,,67.76,0.74,Rich ore,1,0,1.00,0.03,0.02,
1597,Line#79,178.62,191.21,410.00,194.00,454.87,12.59,,67.54,0.55,Rich ore,1,0,1.00,0.13,0.01,
1598,Line#79,191.21,192.54,410.00,194.00,447.91,1.33,,,,,0,0,,,,
1599,Line#79,192.54,207.54,410.00,194.00,439.75,15,,68.01,1.01,Rich ore,1,0,1.00,0.08,0.02,
1600,Line#79,207.54,228.6,410.00,194.00,421.72,21.06,,66.94,0.14,Rich ore,1,0,1.00,0.04,0.02,
1601,Line#79,228.6,229.5,410.00,194.00,410.74,0.9,,,,Poor ore,0,1,0.00,,,
1602,Line#79,229.5,244.5,410.00,194.00,402.79,15,,66.73,0.01,Rich ore,1,0,1.00,0.03,0.02,
1603,Line#79,244.5,266.3,410.00,194.00,384.39,21.8,,65.12,-0.66,Rich ore,1,0,1.00,0.79,0.02,
1604,Line#79,266.3,279.06,410.00,194.00,367.11,12.76,,16.19,,Poor ore,0,1,0.00,0.96,0.03,
1605,Line#80,0,15,1800.00,205.00,707.22,15,,66.15,-0.26,Rich ore,1,0,1.00,0.12,0.20,
1606,Line#80,15,23.1,1800.00,205.00,695.67,8.1,,56.99,-1.87,Rich ore,1,0,1.00,0.17,0.18,
1607,Line#80,23.1,38.1,1800.00,205.00,684.12,15,,30.76,,Poor ore,0,1,0.00,0.20,0.19,
1608,Line#80,38.1,50.8,1800.00,205.00,670.27,12.7,,21.61,,Poor ore,0,1,0.00,0.64,0.14,
1609,Line#81,0,15,1601.00,-199.00,754.14,15,,59.03,-1.74,Rich ore,1,0,1.00,0.06,0.43,
1610,Line#81,15,30,1601.00,-199.00,739.14,15,,67.32,0.39,Rich ore,1,0,1.00,0.15,0.08,
1611,Line#81,30,45,1601.00,-199.00,724.14,15,,67.48,0.50,Rich ore,1,0,1.00,0.74,0.05,
1612,Line#81,45,60,1601.00,-199.00,709.14,15,,66.76,0.03,Rich ore,1,0,1.00,0.96,0.06,
1613,Line#81,60,75,1601.00,-199.00,694.14,15,,67.05,0.21,Rich ore,1,0,1.00,1.17,0.04,
1614,Line#81,75,92.55,1601.00,-199.00,677.86,17.55,,67.36,0.41,Rich ore,1,0,1.00,0.86,0.04,
1615,Line#81,92.55,93.15,1601.00,-199.00,668.79,0.6,,,,,0,0,,,,
1616,Line#81,93.15,95.15,1601.00,-199.00,667.49,2,,,,Rich ore,1,0,1.00,,,
1617,Line#81,95.15,100.2,1601.00,-199.00,663.96,5.05,,,,Poor ore,0,1,0.00,,,
1618,Line#82,0,15,1613.00,2369.00,623.69,15,,55.39,-2.08,Rich ore,1,0,1.00,0.05,0.18,
1619,Line#82,15,30,1613.00,2369.00,608.69,15,,63.37,-1.10,Rich ore,1,0,1.00,0.06,0.08,
1620,Line#82,30,45,1613.00,2369.00,593.69,15,,64.12,-0.96,Rich ore,1,0,1.00,0.10,0.06,
1621,Line#82,45,60,1613.00,2369.00,578.69,15,,65.48,-0.52,Rich ore,1,0,1.00,0.09,0.04,
1622,Line#82,60,75,1613.00,2369.00,563.69,15,,65.56,-0.50,Rich ore,1,0,1.00,0.06,0.04,
1623,Line#82,75,90,1613.00,2369.00,548.69,15,,67.19,0.28,Rich ore,1,0,1.00,0.06,0.03,
1624,Line#82,90,109.61,1613.00,2369.00,531.39,19.61,,66.84,0.08,Rich ore,1,0,1.00,0.05,0.04,
1625,Line#82,109.61,113.26,1613.00,2369.00,519.76,3.65,,,,Poor ore,0,1,0.00,,,
1626,Line#82,113.26,118.65,1613.00,2369.00,515.24,5.39,,,,Rich ore,1,0,1.00,,,
1627,Line#82,118.65,126.9,1613.00,2369.00,508.42,8.25,,43.42,,Poor ore,0,1,0.00,0.04,0.01,
1628,Line#83,0,14.75,1800.00,2522.00,690.35,14.75,,64.05,-0.99,Rich ore,1,0,1.00,0.08,0.15,
1629,Line#83,14.75,15.8,1800.00,2522.00,682.45,1.05,,,,,0,0,,,,
1630,Line#83,15.8,30.8,1800.00,2522.00,674.42,15,,65.01,-0.71,Rich ore,1,0,1.00,1.64,0.05,
1631,Line#83,30.8,41.6,1800.00,2522.00,661.52,10.8,,67.68,0.66,Rich ore,1,0,1.00,0.10,0.03,
1632,Line#83,41.6,42.25,1800.00,2522.00,655.80,0.65,,,,Poor ore,0,1,0.00,,,
1633,Line#83,42.25,45.75,1800.00,2522.00,653.72,3.5,,,,Rich ore,1,0,1.00,,,
1634,Line#83,45.75,63.25,1800.00,2522.00,643.22,17.5,,19.66,,Poor ore,0,1,0.00,1.41,0.06,
1635,Line#84,0,15.95,1800.00,2472.00,687.89,15.95,,59.53,-1.66,Rich ore,1,0,1.00,0.11,0.31,
1636,Line#84,15.95,30.95,1800.00,2472.00,672.42,15,,35.07,,Poor ore,0,1,0.00,0.18,0.40,
1637,Line#84,30.95,42.55,1800.00,2472.00,659.12,11.6,,33.70,,Poor ore,0,1,0.00,2.14,0.19,
1638,Line#84,42.55,54.6,1800.00,2472.00,647.29,12.05,,65.06,-0.67,Rich ore,1,0,1.00,0.40,0.04,
1639,Line#84,54.6,57.05,1800.00,2472.00,640.04,2.45,,,,,0,0,,,,
1640,Line#84,57.05,66.6,1800.00,2472.00,634.04,9.55,,64.82,-0.77,Rich ore,1,0,1.00,1.80,0.04,
1641,Line#84,66.6,67.8,1800.00,2472.00,628.67,1.2,,,,,0,0,,,,
1642,Line#84,67.8,73.05,1800.00,2472.00,625.44,5.25,,,,Rich ore,1,0,1.00,,,
1643,Line#84,73.05,75.05,1800.00,2472.00,621.82,2,,,,,0,0,,,,
1644,Line#84,75.05,76.25,1800.00,2472.00,620.22,1.2,,,,Rich ore,1,0,1.00,,,
1645,Line#84,76.25,78.2,1800.00,2472.00,618.64,1.95,,,,,0,0,,,,
1646,Line#84,78.2,100.08,1800.00,2472.00,606.73,21.88,,64.99,-0.72,Rich ore,1,0,1.00,0.25,0.05,
1647,Line#85,0,14.65,1611.00,2518.00,676.27,14.65,,63.92,-1.01,Rich ore,1,0,1.00,1.65,0.09,
1648,Line#85,14.65,14.95,1611.00,2518.00,668.80,0.3,,,,,0,0,,,,
1649,Line#85,14.95,29.95,1611.00,2518.00,661.15,15,,67.02,0.19,Rich ore,1,0,1.00,0.02,0.07,
1650,Line#85,29.95,48.5,1611.00,2518.00,644.38,18.55,,67.28,0.36,Rich ore,1,0,1.00,0.01,0.03,
1651,Line#85,48.5,51.3,1611.00,2518.00,633.70,2.8,,,,,0,0,,,,
1652,Line#85,51.3,52.75,1611.00,2518.00,631.58,1.45,,,,Rich ore,1,0,1.00,,,
1653,Line#85,52.75,55.5,1611.00,2518.00,629.48,2.75,,,,,0,0,,,,
1654,Line#85,55.5,62.65,1611.00,2518.00,624.53,7.15,,,,Rich ore,1,0,1.00,,,
1655,Line#85,62.65,65.7,1611.00,2518.00,619.43,3.05,,,,Poor ore,0,1,0.00,,,
1656,Line#85,65.7,69.2,1611.00,2518.00,616.15,3.5,,,,Rich ore,1,0,1.00,,,
1657,Line#85,69.2,76.55,1611.00,2518.00,610.73,7.35,,,,Poor ore,0,1,0.00,,,
1658,Line#86,0,15,1605.00,2473.00,654.23,15,,65.05,-0.69,Rich ore,1,0,1.00,0.03,0.09,
1659,Line#86,15,31.55,1605.00,2473.00,638.46,16.55,,66.51,-0.09,Rich ore,1,0,1.00,0.04,0.04,
1660,Line#86,31.55,32.05,1605.00,2473.00,629.93,0.5,,,,,0,0,,,,
1661,Line#86,32.05,35.1,1605.00,2473.00,628.15,3.05,,,,Rich ore,1,0,1.00,,,
1662,Line#86,35.1,36.1,1605.00,2473.00,626.13,1,,,,,0,0,,,,
1663,Line#86,36.1,38.15,1605.00,2473.00,624.61,2.05,,,,Rich ore,1,0,1.00,,,
1664,Line#86,38.15,48.2,1605.00,2473.00,618.55,10.05,,11.16,,Poor ore,0,1,0.00,0.41,0.02,
1665,Line#87,0,15,2075.00,2752.00,667.92,15,,52.48,,Poor ore,0,1,0.00,1.24,0.27,
1666,Line#87,15,25.55,2075.00,2752.00,655.14,10.55,,54.90,,Poor ore,0,1,0.00,2.58,0.09,
1667,Line#87,25.55,27.5,2075.00,2752.00,648.89,1.95,,,,,0,0,,,,
1668,Line#87,27.5,35.8,2075.00,2752.00,643.77,8.3,,64.15,-0.96,Rich ore,1,0,1.00,0.65,0.07,
1669,Line#87,35.8,36.55,2075.00,2752.00,639.24,0.75,,,,,0,0,,,,
1670,Line#87,36.55,51.55,2075.00,2752.00,631.37,15,,65.20,-0.61,Rich ore,1,0,1.00,0.91,0.04,
1671,Line#87,51.55,66.55,2075.00,2752.00,616.37,15,,67.23,0.32,Rich ore,1,0,1.00,0.23,0.03,
1672,Line#87,66.55,81.95,2075.00,2752.00,601.17,15.4,,65.23,-0.59,Rich ore,1,0,1.00,0.27,0.04,
1673,Line#87,81.95,82.95,2075.00,2752.00,592.97,1,,,,,0,0,,,,
1674,Line#87,82.95,90.1,2075.00,2752.00,588.89,7.15,,,,Rich ore,1,0,1.00,,,
1675,Line#87,90.1,91.1,2075.00,2752.00,584.82,1,,,,,0,0,,,,
1676,Line#87,91.1,93.95,2075.00,2752.00,582.89,2.85,,,,Rich ore,1,0,1.00,,,
1677,Line#87,93.95,112.55,2075.00,2752.00,572.17,18.6,,48.27,,Poor ore,0,1,0.00,0.95,0.02,
1678,Line#87,112.55,113.55,2075.00,2752.00,562.37,1,,,,,0,0,,,,
1679,Line#87,113.55,116.6,2075.00,2752.00,560.34,3.05,,,,Poor ore,0,1,0.00,,,
1680,Line#88,0,15,2373.00,2742.00,553.92,15,,28.08,,Poor ore,0,1,0.00,0.57,0.05,
1681,Line#88,15,30,2373.00,2742.00,538.92,15,,17.10,,Poor ore,0,1,0.00,0.61,0.04,
1682,Line#88,30,46,2373.00,2742.00,523.42,16,,17.10,,Poor ore,0,1,0.00,0.47,0.04,
1683,Line#88,46,47.3,2373.00,2742.00,514.77,1.3,,,,,0,0,,,,
1684,Line#88,47.3,66.95,2373.00,2742.00,504.29,19.65,,13.09,,Poor ore,0,1,0.00,0.55,0.04,
1685,Line#89,0,15,2161.00,2771.00,632.26,15,,65.15,-0.64,Rich ore,1,0,1.00,0.23,0.07,
1686,Line#89,15,30,2161.00,2771.00,617.26,15,,66.15,-0.26,Rich ore,1,0,1.00,0.19,0.02,
1687,Line#89,30,42.7,2161.00,2771.00,603.41,12.7,,62.82,-1.19,Rich ore,1,0,1.00,0.95,0.04,
1688,Line#89,42.7,62,2161.00,2771.00,587.41,19.3,,18.21,,Poor ore,0,1,0.00,1.17,0.06,
1689,Line#90,0,15,1726.00,2769.00,703.24,15,,65.30,-0.56,Rich ore,1,0,1.00,0.12,0.16,
1690,Line#90,15,30,1726.00,2769.00,688.24,15,,66.30,-0.20,Rich ore,1,0,1.00,0.39,0.07,
1691,Line#90,30,45,1726.00,2769.00,673.24,15,,63.86,-1.04,Rich ore,1,0,1.00,2.56,0.05,
1692,Line#90,45,58.3,1726.00,2769.00,659.09,13.3,,62.73,-1.21,Rich ore,1,0,1.00,3.88,0.05,
1693,Line#90,58.3,73.3,1726.00,2769.00,644.94,15,,27.28,,Poor ore,0,1,0.00,3.57,0.11,
1694,Line#90,73.3,88.3,1726.00,2769.00,629.94,15,,21.90,,Poor ore,0,1,0.00,3.38,0.06,
1695,Line#90,88.3,103.3,1726.00,2769.00,614.94,15,,15.96,,Poor ore,0,1,0.00,2.91,0.05,
1696,Line#90,103.3,118.3,1726.00,2769.00,599.94,15,,17.31,,Poor ore,0,1,0.00,2.35,0.06,
1697,Line#90,118.3,130.5,1726.00,2769.00,586.34,12.2,,27.89,,Poor ore,0,1,0.00,0.68,0.02,
1698,Line#91,0,15,2250.00,2770.00,599.20,15,,64.32,-0.93,Rich ore,1,0,1.00,0.16,0.06,
1699,Line#91,15,23.15,2250.00,2770.00,587.63,8.15,,59.65,-1.64,Rich ore,1,0,1.00,0.23,0.04,
1700,Line#91,23.15,38.15,2250.00,2770.00,576.05,15,,25.33,,Poor ore,0,1,0.00,0.73,0.05,
1701,Line#91,38.15,53.15,2250.00,2770.00,561.05,15,,12.80,,Poor ore,0,1,0.00,1.05,0.05,
1702,Line#91,53.15,72.15,2250.00,2770.00,544.05,19,,17.79,,Poor ore,0,1,0.00,1.27,0.06,
1703,Line#92,0,9.4,2310.00,2770.00,588.00,9.4,,58.70,-1.80,Rich ore,1,0,1.00,0.06,0.03,
1704,Line#92,9.4,14.35,2310.00,2770.00,580.83,4.95,,,,Poor ore,0,1,0.00,,,
1705,Line#92,14.35,14.8,2310.00,2770.00,578.13,0.45,,,,,0,0,,,,
1706,Line#92,14.8,29.8,2310.00,2770.00,570.40,15,,44.39,,Poor ore,0,1,0.00,0.82,0.04,
1707,Line#92,29.8,48.3,2310.00,2770.00,553.65,18.5,,13.90,,Poor ore,0,1,0.00,1.07,0.05,
1708,Line#93,0,1.07,2200.00,2970.00,666.17,1.07,,,,Poor ore,0,1,0.00,,,
1709,Line#93,1.07,2.47,2200.00,2970.00,664.93,1.4,,,,Rich ore,1,0,1.00,,,
1710,Line#93,2.47,2.67,2200.00,2970.00,664.13,0.2,,,,Poor ore,0,1,0.00,,,
1711,Line#94,0,7.3,2155.00,973.00,710.44,7.3,,,,Rich ore,1,0,1.00,,,
1712,Line#94,7.3,22.3,2155.00,973.00,699.29,15,,32.68,,Poor ore,0,1,0.00,0.20,0.14,
1713,Line#94,22.3,37.3,2155.00,973.00,684.29,15,,21.24,,Poor ore,0,1,0.00,0.41,0.06,
1714,Line#94,37.3,52.3,2155.00,973.00,669.29,15,,17.23,,Poor ore,0,1,0.00,0.70,0.03,
1715,Line#94,52.3,67.3,2155.00,973.00,654.29,15,,15.94,,Poor ore,0,1,0.00,0.80,0.04,
1716,Line#94,67.3,82.3,2155.00,973.00,639.29,15,,16.75,,Poor ore,0,1,0.00,0.44,0.06,
1717,Line#94,82.3,97.3,2155.00,973.00,624.29,15,,15.19,,Poor ore,0,1,0.00,0.57,0.04,
1718,Line#94,97.3,117.7,2155.00,973.00,606.59,20.4,,9.32,,Poor ore,0,1,0.00,0.31,0.03,
1719,Line#94,117.7,121.6,2155.00,973.00,594.44,3.9,,,,,0,0,,,,
1720,Line#94,121.6,136.6,2155.00,973.00,584.99,15,,9.85,,Poor ore,0,1,0.00,0.36,0.03,
1721,Line#94,136.6,151.6,2155.00,973.00,569.99,15,,8.54,,Poor ore,0,1,0.00,0.33,0.03,
1722,Line#94,151.6,172.7,2155.00,973.00,551.94,21.1,,7.10,,Poor ore,0,1,0.00,0.27,0.03,
1723,Line#95,0,7.6,1000.00,875.00,678.55,7.6,,67.27,0.36,Rich ore,1,0,1.00,0.03,0.04,
1724,Line#95,7.6,22.6,1000.00,875.00,667.25,15,,36.17,,Poor ore,0,1,0.00,0.13,0.20,
1725,Line#95,22.6,43.9,1000.00,875.00,649.10,21.3,,20.17,,Poor ore,0,1,0.00,0.33,0.08,
1726,Line#96,0,18.8,1206.00,2570.00,615.30,18.8,,36.57,,Poor ore,0,1,0.00,0.88,0.05,
1727,Line#96,18.8,38.5,1206.00,2570.00,596.05,19.7,,65.87,-0.37,Rich ore,1,0,1.00,0.05,0.02,
1728,Line#96,38.5,39.1,1206.00,2570.00,585.90,0.6,,,,Poor ore,0,1,0.00,,,
1729,Line#97,0,7,2200.00,2570.00,592.20,7,,,,Rich ore,1,0,1.00,,,
1730,Line#97,7,22,2200.00,2570.00,581.20,15,,27.20,,Poor ore,0,1,0.00,0.74,0.03,
1731,Line#97,22,37,2200.00,2570.00,566.20,15,,13.22,,Poor ore,0,1,0.00,0.76,0.04,
1732,Line#97,37,44.95,2200.00,2570.00,554.73,7.95,,13.06,,Poor ore,0,1,0.00,0.64,0.03,
1733,Line#98,0,15.45,2030.00,2570.00,643.89,15.45,,58.98,-1.76,Rich ore,1,0,1.00,0.48,0.07,
1734,Line#98,15.45,30.45,2030.00,2570.00,628.67,15,,22.80,,Poor ore,0,1,0.00,1.13,0.03,
1735,Line#98,30.45,45.45,2030.00,2570.00,613.67,15,,16.67,,Poor ore,0,1,0.00,0.95,0.02,
1736,Line#98,45.45,60.45,2030.00,2570.00,598.67,15,,16.56,,Poor ore,0,1,0.00,0.82,0.02,
1737,Line#98,60.45,80.8,2030.00,2570.00,581.00,20.35,,19.46,,Poor ore,0,1,0.00,1.18,0.03,
1738,Line#99,0,12.8,2308.00,970.00,663.00,12.8,,52.41,-2.31,Rich ore,1,0,1.00,0.08,0.14,
1739,Line#99,12.8,27.8,2308.00,970.00,649.10,15,,26.60,,Poor ore,0,1,0.00,0.20,0.09,
1740,Line#99,27.8,42.8,2308.00,970.00,634.10,15,,20.39,,Poor ore,0,1,0.00,1.14,0.08,
1741,Line#99,42.8,57.8,2308.00,970.00,619.10,15,,17.13,,Poor ore,0,1,0.00,1.20,0.07,
1742,Line#99,57.8,72.8,2308.00,970.00,604.10,15,,10.46,,Poor ore,0,1,0.00,0.46,0.05,
1743,Line#99,72.8,80.3,2308.00,970.00,592.85,7.5,,8.90,,Poor ore,0,1,0.00,0.31,0.05,
1744,Line#100,0,4,2400.00,970.00,627.20,4,,,,Rich ore,1,0,1.00,,,
1745,Line#100,4,19,2400.00,970.00,617.70,15,,24.10,,Poor ore,0,1,0.00,1.21,0.05,
1746,Line#100,19,34,2400.00,970.00,602.70,15,,19.43,,Poor ore,0,1,0.00,1.04,0.04,
1747,Line#100,34,49,2400.00,970.00,587.70,15,,12.11,,Poor ore,0,1,0.00,0.88,0.02,
1748,Line#100,49,64,2400.00,970.00,572.70,15,,7.40,,Poor ore,0,1,0.00,0.61,0.03,
1749,Line#100,64,79,2400.00,970.00,557.70,15,,7.40,,Poor ore,0,1,0.00,0.61,0.03,
1750,Line#100,79,94,2400.00,970.00,542.70,15,,7.40,,Poor ore,0,1,0.00,0.61,0.03,
1751,Line#100,94,116.05,2400.00,970.00,524.18,22.05,,7.40,,Poor ore,0,1,0.00,0.61,0.03,
1752,Line#101,0,15,2600.00,970.00,592.20,15,,44.94,,Poor ore,0,1,0.00,0.09,0.16,
1753,Line#101,15,30,2600.00,970.00,577.20,15,,29.22,,Poor ore,0,1,0.00,0.16,0.14,
1754,Line#101,30,51.31,2600.00,970.00,559.05,21.31,,16.98,,Poor ore,0,1,0.00,0.38,0.06,
1755,Line#105,0,15,1605.28,799.81,623.90,15,,64.77,-0.79,Rich ore,1,0,1.00,0.04,0.24,
1756,Line#105,15,30,1619.83,803.44,623.93,15,,66.79,0.05,Rich ore,1,0,1.00,0.12,0.08,
1757,Line#105,30,45,1634.39,807.07,623.97,15,,65.96,-0.32,Rich ore,1,0,1.00,0.60,0.11,
1758,Line#105,45,60,1648.94,810.69,624.00,15,,67.03,0.19,Rich ore,1,0,1.00,0.20,0.07,
1759,Line#105,60,75,1663.50,814.32,624.04,15,,66.99,0.17,Rich ore,1,0,1.00,0.18,0.07,
1760,Line#105,75,90,1678.05,817.95,624.07,15,,67.59,0.58,Rich ore,1,0,1.00,0.27,0.05,
1761,Line#105,90,105,1692.61,821.57,624.11,15,,68.15,1.13,Rich ore,1,0,1.00,0.19,0.03,
1762,Line#105,105,120,1707.16,825.20,624.14,15,,68.45,1.58,Rich ore,1,0,1.00,0.18,0.02,
1763,Line#105,120,135,1721.72,828.82,624.17,15,,68.16,1.16,Rich ore,1,0,1.00,0.47,0.02,
1764,Line#105,135,150,1736.27,832.45,624.21,15,,68.17,1.20,Rich ore,1,0,1.00,0.37,0.02,
1765,Line#105,150,165,1750.83,836.08,624.24,15,,65.92,-0.33,Rich ore,1,0,1.00,1.74,0.02,
1766,Line#105,165,180,1765.38,839.70,624.28,15,,68.19,1.21,Rich ore,1,0,1.00,0.35,0.02,
1767,Line#105,180,195,1779.94,843.33,624.31,15,,67.84,0.82,Rich ore,1,0,1.00,0.40,0.03,
1768,Line#105,195,210,1794.49,846.96,624.35,15,,68.17,1.19,Rich ore,1,0,1.00,0.37,0.04,
1769,Line#105,210,225,1809.05,850.58,624.38,15,,68.44,1.55,Rich ore,1,0,1.00,0.25,0.03,
1770,Line#105,225,240,1823.60,854.21,624.42,15,0.33,68.55,1.82,Rich ore,1,0,1.00,0.24,0.04,0.61
1771,Line#105,240,255,1838.16,857.84,624.45,15,0.35,68.54,1.77,Rich ore,1,0,1.00,0.23,0.04,0.65
1772,Line#105,255,265.498,1850.53,860.92,624.48,10.4979,0.53,68.16,1.16,Rich ore,1,0,1.00,0.25,0.05,0.70
1773,Line#106,0,15,2103.00,703.00,721.86,15,1.48,65.22,-0.60,Rich ore,1,0,1.00,0.05,0.18,0.58
1774,Line#106,15,30,2103.00,703.00,706.86,15,0.95,66.96,0.15,Rich ore,1,0,1.00,0.10,0.06,0.79
1775,Line#107,0,15,1010.00,-100.00,752.60,15,1.18,65.74,-0.43,Rich ore,1,0,1.00,0.03,0.21,0.46
1776,Line#107,15,35,1010.00,-100.00,735.10,20,0.83,67.77,0.74,Rich ore,1,0,1.00,0.18,0.06,0.52
1777,Line#108,0,15,1106.00,1.00,747.90,15,1.51,65.06,-0.68,Rich ore,1,0,1.00,0.04,0.21,0.53
1778,Line#108,15,37.15,1106.00,1.00,729.32,22.15,0.87,67.52,0.52,Rich ore,1,0,1.00,0.06,0.07,0.58
1779,Line#108,37.15,40,1106.00,1.00,716.82,2.85,,,,,0,0,,,,
1780,Line#109,0,15,1107.00,-99.00,770.68,15,0.78,66.82,0.07,Rich ore,1,0,1.00,0.02,0.09,0.52
1781,Line#109,15,30,1107.00,-99.00,755.68,15,1.40,67.38,0.42,Rich ore,1,0,1.00,0.04,0.05,0.72
1782,Line#109,30,40,1107.00,-99.00,743.18,10,1.86,67.17,0.27,Rich ore,1,0,1.00,0.06,0.02,0.50
1783,Line#110,0,16.4,1107.00,-199.00,783.68,16.4,11.33,47.29,,Poor ore,0,1,0.00,0.54,0.26,9.01
1784,Line#110,16.4,31.4,1107.00,-199.00,767.98,15,0.84,68.20,1.24,Rich ore,1,0,1.00,0.28,0.02,0.54
1785,Line#110,31.4,40,1107.00,-199.00,756.18,8.6,0.80,68.43,1.50,Rich ore,1,0,1.00,0.15,0.02,0.54
1786,Line#111,0,15,1214.00,3.00,760.44,15,0.78,66.80,0.06,Rich ore,1,0,1.00,0.05,0.14,0.58
1787,Line#111,15,30,1214.00,3.00,745.44,15,0.57,67.73,0.70,Rich ore,1,0,1.00,0.05,0.06,1.09
1788,Line#112,0,15,1210.00,-100.00,787.49,15,0.88,66.60,-0.04,Rich ore,1,0,1.00,0.03,0.13,0.57
1789,Line#112,15,30,1210.00,-100.00,772.49,15,1.83,66.81,0.06,Rich ore,1,0,1.00,0.04,0.04,0.68
1790,Line#112,30,45,1210.00,-100.00,757.49,15,2.35,66.57,-0.05,Rich ore,1,0,1.00,0.04,0.04,0.87
1791,Line#112,45,59.6,1210.00,-100.00,742.69,14.6,3.15,65.64,-0.47,Rich ore,1,0,1.00,0.11,0.02,0.81
1792,Line#112,59.6,60,1210.00,-100.00,735.19,0.4,,,,Poor ore,0,1,0.00,,,
1793,Line#112,60,81.35,1210.00,-100.00,724.32,21.35,1.41,66.65,-0.02,Rich ore,1,0,1.00,0.27,0.02,1.55
1794,Line#112,81.35,90,1210.00,-100.00,709.32,8.65,28.30,21.20,,Poor ore,0,1,0.00,0.19,0.03,33.40
1795,Line#113,0,15,1305.00,1.00,760.31,15,1.22,65.82,-0.40,Rich ore,1,0,1.00,0.04,0.17,0.68
1796,Line#113,15,30,1305.00,1.00,745.31,15,0.62,68.44,1.56,Rich ore,1,0,1.00,0.04,0.05,0.64
1797,Line#113,30,40,1305.00,1.00,732.81,10,1.19,68.11,1.10,Rich ore,1,0,1.00,0.04,0.03,0.58
1798,Line#114,0,15,1305.00,-99.00,789.82,15,0.84,66.98,0.16,Rich ore,1,0,1.00,0.03,0.13,0.30
1799,Line#114,15,30,1305.00,-99.00,774.82,15,0.70,68.22,1.25,Rich ore,1,0,1.00,0.03,0.06,0.56
1800,Line#114,30,40,1305.00,-99.00,762.32,10,0.98,67.99,0.99,Rich ore,1,0,1.00,0.04,0.03,0.90
1801,Line#115,0,15,1306.00,-198.00,802.84,15,1.52,65.76,-0.42,Rich ore,1,0,1.00,0.02,0.21,0.34
1802,Line#115,15,28.6,1306.00,-198.00,788.54,13.6,,46.89,-2.54,Rich ore,1,0,1.00,0.21,0.19,
1803,Line#115,28.6,47.55,1306.00,-198.00,772.26,18.95,24.50,25.63,,Poor ore,0,1,0.00,1.74,0.06,21.95
1804,Line#115,47.55,60,1306.00,-198.00,756.57,12.45,0.74,68.64,1.90,Rich ore,1,0,1.00,0.15,0.01,0.57
1805,Line#116,0,15,1410.00,-98.00,781.36,15,0.73,67.54,0.55,Rich ore,1,0,1.00,0.04,0.06,0.54
1806,Line#116,15,30,1410.00,-98.00,766.36,15,0.99,68.05,1.06,Rich ore,1,0,1.00,0.05,0.02,0.69
1807,Line#116,30,48.25,1410.00,-98.00,749.74,18.25,0.95,67.27,0.35,Rich ore,1,0,1.00,0.11,0.02,1.65
1808,Line#116,48.25,51.2,1410.00,-98.00,739.13,2.95,,,,Poor ore,0,1,0.00,,,
1809,Line#116,51.2,57.4,1410.00,-98.00,734.56,6.2,,,,Rich ore,1,0,1.00,,,
1810,Line#116,57.4,60,1410.00,-98.00,730.16,2.6,,,,,0,0,,,,
1811,Line#117,0,15,1398.00,-289.00,788.80,15,0.97,65.59,-0.50,Rich ore,1,0,1.00,0.03,0.28,0.36
1812,Line#117,15,30,1398.00,-289.00,773.80,15,0.34,68.58,1.83,Rich ore,1,0,1.00,0.03,0.07,0.42
1813,Line#117,30,45,1398.00,-289.00,758.80,15,0.52,68.06,1.08,Rich ore,1,0,1.00,0.04,0.08,0.64
1814,Line#117,45,63.4,1398.00,-289.00,742.10,18.4,0.77,68.06,1.07,Rich ore,1,0,1.00,0.04,0.08,0.49
1815,Line#118,0,15,1502.00,-100.00,767.27,15,0.66,66.79,0.05,Rich ore,1,0,1.00,0.02,0.12,0.42
1816,Line#118,15,30,1502.00,-100.00,752.27,15,0.53,68.16,1.15,Rich ore,1,0,1.00,0.03,0.05,0.75
1817,Line#118,30,44,1502.00,-100.00,737.77,14,2.38,65.73,-0.44,Rich ore,1,0,1.00,0.39,0.03,1.17
1818,Line#118,44,65,1502.00,-100.00,720.27,21,24.72,39.11,,Poor ore,0,1,0.00,0.74,0.10,4.82
1819,Line#119,0,15,1502.00,-202.00,776.88,15,6.58,59.28,-1.69,Rich ore,1,0,1.00,0.06,0.28,0.46
1820,Line#119,15,30,1502.00,-202.00,761.88,15,10.96,56.18,-1.94,Rich ore,1,0,1.00,0.18,0.19,0.52
1821,Line#119,30,40,1502.00,-202.00,749.38,10,0.47,68.75,2.11,Rich ore,1,0,1.00,0.08,0.04,0.47
1822,Line#120,0,15,1500.00,-298.00,783.15,15,0.54,68.73,2.08,Rich ore,1,0,1.00,0.06,0.02,0.47
1823,Line#120,15,30,1500.00,-298.00,768.15,15,1.16,67.95,0.93,Rich ore,1,0,1.00,0.06,0.04,0.62
1824,Line#121,0,15,1700.00,1070.00,709.20,15,0.70,66.85,0.09,Rich ore,1,0,1.00,0.10,0.14,0.70
1825,Line#121,15,30,1700.00,1070.00,694.20,15,0.81,65.61,-0.49,Rich ore,1,0,1.00,2.35,0.05,0.79
1826,Line#122,0,16.1,1700.00,1170.00,713.31,16.1,0.48,67.71,0.68,Rich ore,1,0,1.00,0.13,0.09,0.55
1827,Line#122,16.1,17.3,1700.00,1170.00,704.66,1.2,,,,,0,0,,,,
1828,Line#122,17.3,30,1700.00,1170.00,697.71,12.7,0.52,68.01,1.03,Rich ore,1,0,1.00,0.22,0.04,0.67
1829,Line#123,0,15,1800.00,1068.00,738.13,15,0.48,67.60,0.59,Rich ore,1,0,1.00,0.58,0.07,0.57
1830,Line#123,15,30,1800.00,1068.00,723.13,15,0.75,66.30,-0.20,Rich ore,1,0,1.00,1.49,0.06,0.89
1831,Line#124,0,15,1800.00,1275.00,734.47,15,1.16,65.02,-0.71,Rich ore,1,0,1.00,0.02,0.20,0.52
1832,Line#124,15,30,1800.00,1275.00,719.47,15,1.25,66.88,0.11,Rich ore,1,0,1.00,0.05,0.07,0.58
1833,Line#125,0,15,1899.00,504.00,708.64,15,1.22,65.42,-0.54,Rich ore,1,0,1.00,0.04,0.20,0.59
1834,Line#125,15,30,1899.00,504.00,693.64,15,0.49,68.23,1.29,Rich ore,1,0,1.00,0.03,0.05,0.60
1835,Line#126,0,15,1898.00,604.00,705.82,15,0.75,66.60,-0.04,Rich ore,1,0,1.00,0.03,0.13,0.64
1836,Line#126,15,30,1898.00,604.00,690.82,15,0.38,68.24,1.30,Rich ore,1,0,1.00,0.14,0.03,0.78
1837,Line#127,0,15,1898.00,703.00,706.21,15,1.00,65.63,-0.47,Rich ore,1,0,1.00,0.03,0.14,0.50
1838,Line#127,15,30,1898.00,703.00,691.21,15,0.74,67.91,0.89,Rich ore,1,0,1.00,0.10,0.03,0.88
1839,Line#128,0,15,1896.00,799.00,713.16,15,1.19,64.61,-0.85,Rich ore,1,0,1.00,0.02,0.21,0.55
1840,Line#128,15,30,1896.00,799.00,698.16,15,0.34,67.88,0.86,Rich ore,1,0,1.00,0.07,0.02,1.10
1841,Line#129,0,15,1893.00,896.00,725.16,15,1.41,64.92,-0.74,Rich ore,1,0,1.00,0.02,0.27,0.38
1842,Line#129,15,30,1893.00,896.00,710.16,15,1.07,66.88,0.11,Rich ore,1,0,1.00,0.04,0.10,0.49
1843,Line#130,0,15,1900.00,970.00,735.70,15,1.19,65.54,-0.51,Rich ore,1,0,1.00,0.05,0.18,0.69
1844,Line#130,15,30,1900.00,970.00,720.70,15,0.63,67.17,0.26,Rich ore,1,0,1.00,0.08,0.04,1.32
1845,Line#130,30,40,1900.00,970.00,708.20,10,0.41,67.74,0.71,Rich ore,1,0,1.00,0.09,0.02,1.47
1846,Line#131,0,15,1900.00,1070.00,759.60,15,0.61,67.65,0.62,Rich ore,1,0,1.00,0.16,0.14,0.68
1847,Line#131,15,30,1900.00,1070.00,744.60,15,0.92,67.26,0.35,Rich ore,1,0,1.00,0.30,0.18,1.01
1848,Line#131,30,40,1900.00,1070.00,732.10,10,0.75,65.91,-0.34,Rich ore,1,0,1.00,1.26,0.11,1.42
1849,Line#132,0,15,1900.00,1170.00,752.89,15,2.58,64.41,-0.90,Rich ore,1,0,1.00,0.22,0.22,0.52
1850,Line#132,15,30,1900.00,1170.00,737.89,15,1.93,65.61,-0.49,Rich ore,1,0,1.00,0.64,0.09,1.07
1851,Line#132,30,50,1900.00,1170.00,720.39,20,2.64,64.98,-0.73,Rich ore,1,0,1.00,0.71,0.06,1.05
1852,Line#133,0,15,1892.00,1273.00,733.17,15,1.32,65.89,-0.35,Rich ore,1,0,1.00,0.08,0.16,0.78
1853,Line#133,15,28.4,1892.00,1273.00,718.97,13.4,1.70,63.44,-1.09,Rich ore,1,0,1.00,2.09,0.06,0.99
1854,Line#133,28.4,40,1892.00,1273.00,706.47,11.6,21.97,43.68,,Poor ore,0,1,0.00,1.56,0.07,1.00
1855,Line#134,0,15,1998.00,405.00,722.59,15,1.23,65.87,-0.37,Rich ore,1,0,1.00,0.03,0.17,0.29
1856,Line#134,15,30,1998.00,405.00,707.59,15,0.72,67.42,0.46,Rich ore,1,0,1.00,0.04,0.14,0.47
1857,Line#135,0,15,1998.00,506.00,721.91,15,1.08,65.90,-0.35,Rich ore,1,0,1.00,0.11,0.19,0.46
1858,Line#135,15,30,1998.00,506.00,706.91,15,0.67,66.97,0.15,Rich ore,1,0,1.00,0.12,0.09,0.99
1859,Line#136,0,15,2004.00,703.00,728.15,15,0.87,66.27,-0.22,Rich ore,1,0,1.00,0.07,0.13,0.57
1860,Line#136,15,30,2004.00,703.00,713.15,15,1.16,66.51,-0.11,Rich ore,1,0,1.00,0.14,0.06,0.96
1861,Line#137,0,15,2003.00,800.00,724.36,15,1.52,65.40,-0.55,Rich ore,1,0,1.00,0.07,0.22,0.42
1862,Line#137,15,30,2003.00,800.00,709.36,15,0.76,66.90,0.12,Rich ore,1,0,1.00,0.07,0.10,0.50
1863,Line#138,0,15,2000.00,900.00,729.85,15,0.96,66.18,-0.24,Rich ore,1,0,1.00,0.06,0.17,0.42
1864,Line#138,15,30,2000.00,900.00,714.85,15,0.67,67.97,0.97,Rich ore,1,0,1.00,0.12,0.06,0.53
1865,Line#139,0,11.6,2098.00,406.00,713.25,11.6,3.17,62.57,-1.24,Rich ore,1,0,1.00,0.06,0.23,0.35
1866,Line#139,11.6,30,2098.00,406.00,698.25,18.4,33.38,31.95,,Poor ore,0,1,0.00,0.11,0.25,0.77
1867,Line#140,0,15,1401.00,-145.00,792.25,15,1.30,65.96,-0.32,Rich ore,1,0,1.00,0.04,0.14,0.40
1868,Line#140,15,32.6,1401.00,-145.00,775.95,17.6,2.16,65.80,-0.40,Rich ore,1,0,1.00,0.25,0.08,0.92
1869,Line#140,32.6,47.6,1401.00,-145.00,759.65,15,31.38,32.08,,Poor ore,0,1,0.00,1.20,0.12,4.44
1870,Line#140,47.6,60,1401.00,-145.00,745.95,12.4,23.85,36.06,,Poor ore,0,1,0.00,3.67,0.08,10.25
1871,Line#141,0,15,1400.00,-350.00,755.03,15,0.65,67.13,0.26,Rich ore,1,0,1.00,0.03,0.12,0.40
1872,Line#141,15,30.8,1400.00,-350.00,739.63,15.8,0.65,67.90,0.89,Rich ore,1,0,1.00,0.06,0.14,0.50
1873,Line#141,30.8,44.2,1400.00,-350.00,725.03,13.4,29.66,35.94,,Poor ore,0,1,0.00,0.38,0.50,1.45
1874,Line#142,0,7.45,1601.00,-101.00,747.26,7.45,,,,Rich ore,1,0,1.00,,,
1875,Line#142,7.45,22.45,1601.00,-101.00,736.04,15,31.88,33.71,,Poor ore,0,1,0.00,0.62,0.15,0.89
1876,Line#142,22.45,40,1601.00,-101.00,719.76,17.55,37.20,25.99,,Poor ore,0,1,0.00,2.95,0.12,1.24
1877,Line#143,0,20,1502.00,-149.00,769.48,20,2.04,65.70,-0.45,Rich ore,1,0,1.00,0.26,0.19,0.61
1878,Line#143,20,35,1502.00,-149.00,751.98,15,32.10,32.60,,Poor ore,0,1,0.00,1.47,0.15,1.50
1879,Line#143,35,50,1502.00,-149.00,736.98,15,27.78,29.88,,Poor ore,0,1,0.00,1.05,0.05,13.82
1880,Line#143,50,66.35,1502.00,-149.00,721.31,16.35,29.04,25.40,,Poor ore,0,1,0.00,0.91,0.03,21.58
1881,Line#143,66.35,80,1502.00,-149.00,706.31,13.65,2.38,65.61,-0.48,Rich ore,1,0,1.00,1.00,0.03,0.96
1882,Line#144,0,15,1211.00,-145.00,793.26,15,0.70,67.44,0.47,Rich ore,1,0,1.00,0.04,0.12,0.45
1883,Line#144,15,30,1211.00,-145.00,778.26,15,0.68,68.35,1.40,Rich ore,1,0,1.00,0.07,0.04,0.80
1884,Line#144,30,45,1211.00,-145.00,763.26,15,3.74,65.27,-0.58,Rich ore,1,0,1.00,0.16,0.02,0.48
1885,Line#144,45,63.75,1211.00,-145.00,746.38,18.75,2.58,66.36,-0.18,Rich ore,1,0,1.00,0.21,0.02,0.62
1886,Line#144,63.75,80,1211.00,-145.00,728.88,16.25,32.21,27.28,,Poor ore,0,1,0.00,2.39,0.03,15.40
1887,Line#145,0,15,410.00,320.00,632.70,15,,,,Poor ore,0,1,0.00,,,
1888,Line#145,15,36.82,410.00,320.00,614.29,21.82,,,,Poor ore,0,1,0.00,,,
1889,Line#145,36.82,51.82,410.00,320.00,595.88,15,5.49,61.07,-1.52,Rich ore,1,0,1.00,0.06,0.05,0.58
1890,Line#145,51.82,66.82,410.00,320.00,580.88,15,4.81,62.26,-1.29,Rich ore,1,0,1.00,0.08,0.03,0.83
1891,Line#145,66.82,81.82,410.00,320.00,565.88,15,3.91,63.18,-1.13,Rich ore,1,0,1.00,0.09,0.03,1.14
1892,Line#145,81.82,96.82,410.00,320.00,550.88,15,1.85,65.65,-0.46,Rich ore,1,0,1.00,0.07,0.02,0.70
1893,Line#145,96.82,115.52,410.00,320.00,534.03,18.7,1.33,66.19,-0.24,Rich ore,1,0,1.00,0.07,0.01,0.91
1894,Line#146,0,3.32,810.00,-100.00,718.34,3.32,,,,Poor ore,0,1,0.00,,,
1895,Line#146,3.32,9.12,810.00,-100.00,713.78,5.8,,,,Rich ore,1,0,1.00,,,
1896,Line#146,9.12,24.12,810.00,-100.00,703.38,15,23.27,40.04,,Poor ore,0,1,0.00,0.82,0.20,0.40
1897,Line#146,24.12,39.12,810.00,-100.00,688.38,15,7.47,54.76,,Poor ore,0,1,0.00,3.81,0.08,0.34
1898,Line#146,39.12,54.12,810.00,-100.00,673.38,15,18.38,41.38,,Poor ore,0,1,0.00,4.24,0.11,0.47
1899,Line#146,54.12,69.12,810.00,-100.00,658.38,15,,,,Poor ore,0,1,0.00,,,
1900,Line#146,69.12,88.12,810.00,-100.00,641.38,19,,,,Poor ore,0,1,0.00,,,
1901,Line#147,0,14.27,1210.00,-350.00,703.87,14.27,1.97,65.29,-0.56,Rich ore,1,0,1.00,0.31,0.06,0.78
1902,Line#147,14.27,29.27,1210.00,-350.00,689.23,15,,,,Poor ore,0,1,0.00,,,
1903,Line#147,29.27,44.27,1210.00,-350.00,674.23,15,,,,Poor ore,0,1,0.00,,,
1904,Line#147,44.27,60.81,1210.00,-350.00,658.46,16.54,,,,Poor ore,0,1,0.00,,,
1905,Line#148,0,15,210.00,250.00,642.00,15,,,,Poor ore,0,1,0.00,,,
1906,Line#148,15,23.5,210.00,250.00,630.25,8.5,,,,Poor ore,0,1,0.00,,,
1907,Line#148,23.5,39.47,210.00,250.00,618.01,15.97,5.93,51.87,-2.41,Rich ore,1,0,1.00,0.12,0.03,0.64
1908,Line#148,39.47,54.47,210.00,250.00,602.53,15,,,,Poor ore,0,1,0.00,,,
1909,Line#148,54.47,69.47,210.00,250.00,587.53,15,,,,Poor ore,0,1,0.00,,,
1910,Line#148,69.47,84.47,210.00,250.00,572.53,15,,,,Poor ore,0,1,0.00,,,
1911,Line#148,84.47,105.6,210.00,250.00,554.47,21.13,,,,Poor ore,0,1,0.00,,,
1912,Line#148,105.6,109.2,210.00,250.00,542.10,3.6,,,,Rich ore,1,0,1.00,,,
1913,Line#148,109.2,114.62,210.00,250.00,537.59,5.42,,,,Poor ore,0,1,0.00,,,
1914,Line#148,114.62,124.27,210.00,250.00,530.06,9.65,2.26,62.56,-1.25,Rich ore,1,0,1.00,0.11,0.03,3.07
1915,Line#149,0,4.77,2000.00,300.00,733.62,4.77,,,,Poor ore,0,1,0.00,,,
1916,Line#149,4.77,19.77,2000.00,300.00,723.73,15,0.76,67.29,0.37,Rich ore,1,0,1.00,0.07,0.11,0.41
1917,Line#149,19.77,34.77,2000.00,300.00,708.73,15,1.89,63.72,-1.05,Rich ore,1,0,1.00,0.20,0.06,0.51
1918,Line#149,34.77,49.77,2000.00,300.00,693.73,15,5.07,56.05,-1.96,Rich ore,1,0,1.00,5.86,0.09,0.69
1919,Line#149,49.77,64.77,2000.00,300.00,678.73,15,1.47,65.91,-0.34,Rich ore,1,0,1.00,1.36,0.04,0.49
1920,Line#149,64.77,79.77,2000.00,300.00,663.73,15,1.18,66.38,-0.18,Rich ore,1,0,1.00,0.97,0.04,0.56
1921,Line#149,79.77,94.77,2000.00,300.00,648.73,15,1.27,66.54,-0.07,Rich ore,1,0,1.00,0.63,0.05,0.74
1922,Line#149,94.77,109.77,2000.00,300.00,633.73,15,0.87,67.00,0.18,Rich ore,1,0,1.00,0.53,0.05,0.71
1923,Line#149,109.77,124.77,2000.00,300.00,618.73,15,0.66,67.39,0.44,Rich ore,1,0,1.00,0.52,0.04,0.67
1924,Line#149,124.77,136.38,2000.00,300.00,605.43,11.61,1.92,62.25,-1.29,Rich ore,1,0,1.00,1.75,0.39,2.51
1925,Line#149,136.38,142.29,2000.00,300.00,596.67,5.91,,,,Poor ore,0,1,0.00,,,
1926,Line#150,0,15,1250.00,1370.00,634.90,15,,,,Poor ore,0,1,0.00,,,
1927,Line#150,15,30,1250.00,1370.00,619.90,15,,,,Poor ore,0,1,0.00,,,
1928,Line#150,30,45,1250.00,1370.00,604.90,15,,,,Poor ore,0,1,0.00,,,
1929,Line#150,45,60,1250.00,1370.00,589.90,15,,,,Poor ore,0,1,0.00,,,
1930,Line#150,60,76.73,1250.00,1370.00,574.03,16.73,,,,Poor ore,0,1,0.00,,,
1931,Line#150,76.73,97.75,1250.00,1370.00,555.16,21.02,3.48,54.24,-2.23,Rich ore,1,0,1.00,4.42,0.07,2.38
1932,Line#150,97.75,100.1,1250.00,1370.00,543.48,2.35,,,,Poor ore,0,1,0.00,,,
1933,Line#150,100.1,115.1,1250.00,1370.00,534.80,15,0.88,64.72,-0.81,Rich ore,1,0,1.00,0.57,0.02,1.66
1934,Line#150,115.1,136.7,1250.00,1370.00,516.50,21.6,0.75,64.70,-0.82,Rich ore,1,0,1.00,0.38,0.02,1.67
1935,Line#150,136.7,137.25,1250.00,1370.00,505.42,0.55,,,,Poor ore,0,1,0.00,,,
1936,Line#151,0,15,1700.00,1470.00,714.20,15,0.83,66.28,-0.21,Rich ore,1,0,1.00,0.04,0.19,0.56
1937,Line#151,15,30,1700.00,1470.00,699.20,15,0.33,68.27,1.34,Rich ore,1,0,1.00,0.06,0.04,0.54
1938,Line#151,30,45,1700.00,1470.00,684.20,15,0.71,67.78,0.75,Rich ore,1,0,1.00,0.06,0.04,0.72
1939,Line#151,45,60,1700.00,1470.00,669.20,15,0.95,67.23,0.33,Rich ore,1,0,1.00,0.05,0.04,0.87
1940,Line#151,60,75,1700.00,1470.00,654.20,15,0.72,67.32,0.39,Rich ore,1,0,1.00,0.47,0.04,0.80
1941,Line#151,75,90,1700.00,1470.00,639.20,15,0.54,67.61,0.60,Rich ore,1,0,1.00,0.49,0.04,0.77
1942,Line#151,90,111.9,1700.00,1470.00,620.75,21.9,0.88,67.67,0.64,Rich ore,1,0,1.00,0.22,0.04,0.71
1943,Line#151,111.9,113.75,1700.00,1470.00,608.88,1.85,,,,Poor ore,0,1,0.00,,,
1944,Line#151,113.75,128.75,1700.00,1470.00,600.45,15,0.28,68.49,1.68,Rich ore,1,0,1.00,0.07,0.04,0.48
1945,Line#151,128.75,143.75,1700.00,1470.00,585.45,15,0.47,67.23,0.32,Rich ore,1,0,1.00,0.10,0.05,0.79
1946,Line#151,143.75,152.52,1700.00,1470.00,573.57,8.77,0.59,63.23,-1.13,Rich ore,1,0,1.00,2.64,0.06,1.44
1947,Line#151,152.52,168.04,1700.00,1470.00,561.42,15.52,,,,Poor ore,0,1,0.00,,,
1948,Line#152,0,15,1700.00,1670.00,732.75,15,0.61,67.05,0.21,Rich ore,1,0,1.00,0.09,0.11,0.70
1949,Line#152,15,31.14,1700.00,1670.00,717.18,16.14,0.28,67.74,0.72,Rich ore,1,0,1.00,0.18,0.01,1.19
1950,Line#152,31.14,35.69,1700.00,1670.00,706.84,4.55,,,,Poor ore,0,1,0.00,,,
1951,Line#152,35.69,54.54,1700.00,1670.00,695.13,18.85,0.90,65.98,-0.31,Rich ore,1,0,1.00,0.43,0.02,1.46
1952,Line#152,54.54,55.74,1700.00,1670.00,685.11,1.2,,,,Poor ore,0,1,0.00,,,
1953,Line#152,55.74,70.84,1700.00,1670.00,676.96,15.1,0.75,67.73,0.70,Rich ore,1,0,1.00,0.61,0.01,0.74
1954,Line#152,70.84,71.29,1700.00,1670.00,669.18,0.45,,,,,0,0,,,,
1955,Line#152,71.29,90.74,1700.00,1670.00,659.24,19.45,2.45,64.81,-0.77,Rich ore,1,0,1.00,1.14,0.03,0.66
1956,Line#152,90.74,93.45,1700.00,1670.00,648.15,2.71,,,,Poor ore,0,1,0.00,,,
1957,Line#152,93.45,98.48,1700.00,1670.00,644.28,5.03,,,,Rich ore,1,0,1.00,,,
1958,Line#152,98.48,113.48,1700.00,1670.00,634.27,15,,,,Poor ore,0,1,0.00,,,
1959,Line#152,113.48,121.13,1700.00,1670.00,622.94,7.65,,,,Poor ore,0,1,0.00,,,
1960,Line#153,0,15,2100.00,300.00,719.50,15,1.61,65.10,-0.67,Rich ore,1,0,1.00,0.04,0.17,0.70
1961,Line#153,15,30,2100.00,300.00,704.50,15,1.40,66.47,-0.12,Rich ore,1,0,1.00,0.40,0.04,0.61
1962,Line#153,30,47.28,2100.00,300.00,688.36,17.28,2.80,62.69,-1.22,Rich ore,1,0,1.00,2.34,0.04,0.59
1963,Line#153,47.28,66.4,2100.00,300.00,670.16,19.12,,,,Poor ore,0,1,0.00,,,
1964,Line#153,66.4,69.68,2100.00,300.00,658.96,3.28,,,,Rich ore,1,0,1.00,,,
1965,Line#153,69.68,84.68,2100.00,300.00,649.82,15,,,,Poor ore,0,1,0.00,,,
1966,Line#153,84.68,101.57,2100.00,300.00,633.88,16.89,,,,Poor ore,0,1,0.00,,,
1967,Line#154,0,15,1700.00,1870.00,741.60,15,0.91,66.81,0.07,Rich ore,1,0,1.00,0.06,0.12,0.90
1968,Line#154,15,35.86,1700.00,1870.00,723.67,20.86,0.76,67.65,0.63,Rich ore,1,0,1.00,0.22,0.08,0.87
1969,Line#154,35.86,36.45,1700.00,1870.00,712.95,0.59,,,,,0,0,,,,
1970,Line#154,36.45,45.14,1700.00,1870.00,708.31,8.69,3.09,60.37,-1.58,Rich ore,1,0,1.00,3.25,0.06,1.16
1971,Line#154,45.14,45.82,1700.00,1870.00,703.62,0.68,,,,,0,0,,,,
1972,Line#154,45.82,47.87,1700.00,1870.00,702.26,2.05,,,,Rich ore,1,0,1.00,,,
1973,Line#154,47.87,62.87,1700.00,1870.00,693.73,15,,,,Poor ore,0,1,0.00,,,
1974,Line#154,62.87,77.87,1700.00,1870.00,678.73,15,,,,Poor ore,0,1,0.00,,,
1975,Line#154,77.87,90.43,1700.00,1870.00,664.95,12.56,,,,Poor ore,0,1,0.00,,,
1976,Line#155,0,15,1100.00,1570.00,651.45,15,,,,Poor ore,0,1,0.00,,,
1977,Line#155,15,30,1100.00,1570.00,636.45,15,,,,Poor ore,0,1,0.00,,,
1978,Line#155,30,45,1100.00,1570.00,621.45,15,,,,Poor ore,0,1,0.00,,,
1979,Line#155,45,60,1100.00,1570.00,606.45,15,,,,Poor ore,0,1,0.00,,,
1980,Line#155,60,75,1100.00,1570.00,591.45,15,,,,Poor ore,0,1,0.00,,,
1981,Line#155,75,90,1100.00,1570.00,576.45,15,,,,Poor ore,0,1,0.00,,,
1982,Line#155,90,105,1100.00,1570.00,561.45,15,,,,Poor ore,0,1,0.00,,,
1983,Line#155,105,120,1100.00,1570.00,546.45,15,,,,Poor ore,0,1,0.00,,,
1984,Line#155,120,136.05,1100.00,1570.00,530.93,16.05,,,,Poor ore,0,1,0.00,,,
1985,Line#155,136.05,151.05,1100.00,1570.00,515.40,15,1.26,61.49,-1.42,Rich ore,1,0,1.00,1.02,0.01,4.51
1986,Line#155,151.05,170.8,1100.00,1570.00,498.03,19.75,0.72,61.68,-1.41,Rich ore,1,0,1.00,1.37,0.02,6.06
1987,Line#155,170.8,174,1100.00,1570.00,486.55,3.2,,,,Poor ore,0,1,0.00,,,
1988,Line#155,174,178.65,1100.00,1570.00,482.63,4.65,,,,Rich ore,1,0,1.00,,,
1989,Line#155,178.65,179.95,1100.00,1570.00,479.65,1.3,,,,,0,0,,,,
1990,Line#155,179.95,193.05,1100.00,1570.00,472.45,13.1,0.57,60.00,-1.60,Rich ore,1,0,1.00,2.28,0.01,6.38
1991,Line#156,0,15,1000.00,2070.00,691.20,15,1.11,64.84,-0.76,Rich ore,1,0,1.00,0.05,0.20,0.73
1992,Line#156,15,30,1000.00,2070.00,676.20,15,1.10,65.60,-0.49,Rich ore,1,0,1.00,0.04,0.14,0.69
1993,Line#156,30,45,1000.00,2070.00,661.20,15,0.45,67.21,0.30,Rich ore,1,0,1.00,0.06,0.04,0.96
1994,Line#156,45,53,1000.00,2070.00,649.70,8,0.70,66.32,-0.19,Rich ore,1,0,1.00,0.38,0.07,0.95
1995,Line#156,53,53.95,1000.00,2070.00,645.23,0.95,,,,Poor ore,0,1,0.00,,,
1996,Line#156,53.95,75.44,1000.00,2070.00,634.01,21.49,0.42,66.46,-0.14,Rich ore,1,0,1.00,0.94,0.03,1.14
1997,Line#156,75.44,76.24,1000.00,2070.00,622.86,0.8,,,,,0,0,,,,
1998,Line#156,76.24,91.12,1000.00,2070.00,615.02,14.88,0.64,58.83,-1.79,Rich ore,1,0,1.00,7.05,0.05,1.06
1999,Line#156,91.12,106.12,1000.00,2070.00,600.08,15,,,,Poor ore,0,1,0.00,,,
2000,Line#156,106.12,121.12,1000.00,2070.00,585.08,15,,,,Poor ore,0,1,0.00,,,
2001,Line#156,121.12,139.13,1000.00,2070.00,568.58,18.01,,,,Poor ore,0,1,0.00,,,
2002,Line#157,0,15,650.00,0.00,684.50,15,19.15,43.88,,Poor ore,0,1,0.00,0.13,0.37,1.50
2003,Line#157,15,30.25,650.00,0.00,669.38,15.25,21.72,39.91,,Poor ore,0,1,0.00,0.29,0.22,1.16
2004,Line#157,30.25,51.2,650.00,0.00,651.27,20.95,1.90,65.99,-0.31,Rich ore,1,0,1.00,0.19,0.02,1.60
2005,Line#158,0,11.95,320.00,0.00,679.02,11.95,2.14,64.51,,Poor ore,0,1,0.00,0.10,0.15,0.75
2006,Line#158,11.95,26.95,320.00,0.00,665.55,15,0.83,66.99,0.17,Rich ore,1,0,1.00,0.14,0.03,1.13
2007,Line#158,26.95,41.95,320.00,0.00,650.55,15,0.93,67.54,0.55,Rich ore,1,0,1.00,0.10,0.01,0.82
2008,Line#158,41.95,56.95,320.00,0.00,635.55,15,1.46,66.39,-0.17,Rich ore,1,0,1.00,0.26,0.01,1.16
2009,Line#158,56.95,74.57,320.00,0.00,619.24,17.62,1.31,65.88,-0.36,Rich ore,1,0,1.00,0.61,0.01,1.03
2010,Line#159,0,14.92,270.00,0.00,679.14,14.92,2.82,63.51,,Poor ore,0,1,0.00,0.06,0.18,0.92
2011,Line#159,14.92,29.92,270.00,0.00,664.18,15,0.72,66.76,0.03,Rich ore,1,0,1.00,0.10,0.02,1.44
2012,Line#159,29.92,44.92,270.00,0.00,649.18,15,0.65,67.44,0.48,Rich ore,1,0,1.00,0.14,0.01,1.27
2013,Line#159,44.92,59.92,270.00,0.00,634.18,15,0.92,66.60,-0.04,Rich ore,1,0,1.00,0.45,0.01,0.95
2014,Line#159,59.92,71.07,270.00,0.00,621.11,11.15,1.46,64.19,-0.95,Rich ore,1,0,1.00,0.73,0.02,1.06
2015,Line#160,0,15,300.00,100.00,656.50,15,1.60,64.52,-0.88,Rich ore,1,0,1.00,0.07,0.25,0.80
2016,Line#160,15,30,300.00,100.00,641.50,15,1.23,66.17,-0.25,Rich ore,1,0,1.00,0.06,0.14,0.96
2017,Line#160,30,40.45,300.00,100.00,628.77,10.45,0.81,67.04,0.20,Rich ore,1,0,1.00,0.06,0.04,1.02
2018,Line#161,0,15,550.00,60.00,670.90,15,2.18,64.60,-0.85,Rich ore,1,0,1.00,0.06,0.11,1.19
2019,Line#161,15,30,550.00,60.00,655.90,15,0.65,67.11,0.24,Rich ore,1,0,1.00,0.07,0.02,1.70
2020,Line#161,30,50.14,550.00,60.00,638.33,20.14,0.60,67.26,0.35,Rich ore,1,0,1.00,0.08,0.03,1.01
2021,Line#162,0,15,1705.30,1170.00,668.40,15,,,,Rich ore,1,0,1.00,,,
2022,Line#162,15,37.0524,1718.40,1170.00,655.30,22.0524,,,,Rich ore,1,0,1.00,,,
2023,Line#162,37.0524,42.4264,1728.10,1170.00,645.60,5.37401,,,,,0,0,,,,
2024,Line#162,42.4264,60.7546,1736.48,1170.00,637.22,18.3282,,,,Rich ore,1,0,1.00,,,
2025,Line#162,60.7546,69.056,1745.90,1170.00,627.80,8.30143,,,,Poor ore,0,1,0.00,,,
2026,Line#163,0,15,1805.30,800.00,664.70,15,,,,Rich ore,1,0,1.00,,,
2027,Line#163,15,30,1815.91,800.00,654.09,15,,,,Rich ore,1,0,1.00,,,
2028,Line#163,30,45,1826.52,800.00,643.48,15,,,,Rich ore,1,0,1.00,,,
2029,Line#163,45,60,1837.12,800.00,632.88,15,,,,Rich ore,1,0,1.00,,,
2030,Line#163,60,75,1847.73,800.00,622.27,15,,,,Rich ore,1,0,1.00,,,
2031,Line#163,75,90,1858.34,800.00,611.66,15,,,,Rich ore,1,0,1.00,,,
2032,Line#163,90,98.203,1866.54,800.00,603.46,8.20299,,,,Rich ore,1,0,1.00,,,
2033,Line#163,98.203,104.949,1871.82,800.00,598.18,6.7458,,,,,0,0,,,,
2034,Line#163,104.949,119.949,1879.51,800.00,590.49,15,,,,Rich ore,1,0,1.00,,,
2035,Line#163,119.949,134.949,1890.12,800.00,579.88,15,,,,Rich ore,1,0,1.00,,,
2036,Line#163,134.949,144.745,1898.89,800.00,571.11,9.79597,,,,Rich ore,1,0,1.00,,,
2037,Line#164,0,15,1855.30,970.00,666.40,15,,,,Rich ore,1,0,1.00,,,
2038,Line#164,15,30,1865.91,970.00,655.79,15,1.13,63.23,-1.12,Rich ore,1,0,1.00,4.72,0.04,0.63
2039,Line#164,30,45,1876.52,970.00,645.18,15,1.18,60.43,-1.57,Rich ore,1,0,1.00,7.43,0.04,0.61
2040,Line#164,45,66.5529,1889.44,970.00,632.26,21.5529,,,,Rich ore,1,0,1.00,,,
2041,Line#165,0,15,1705.30,970.00,651.40,15,,,,,0,0,,,,
2042,Line#165,15,30,1715.91,970.00,640.79,15,,,,,0,0,,,,
2043,Line#165,30,45,1726.52,970.00,630.18,15,,,,,0,0,,,,
2044,Line#165,45,60,1737.12,970.00,619.58,15,,,,,0,0,,,,
2045,Line#165,60,75,1747.73,970.00,608.97,15,,,,,0,0,,,,
2046,Line#165,75,84.8387,1756.51,970.00,600.19,9.83867,,,,,0,0,,,,
2047,Line#165,84.8387,99.8387,1765.29,970.00,591.41,15,,,,Rich ore,1,0,1.00,,,
2048,Line#165,99.8387,114.839,1775.90,970.00,580.80,15,0.67,67.34,0.40,Rich ore,1,0,1.00,0.21,0.02,0.70
2049,Line#165,114.839,127.053,1785.52,970.00,571.18,12.2143,1.66,66.72,0.00,Rich ore,1,0,1.00,0.15,0.02,0.65
2050,Line#165,127.053,127.265,1789.91,970.00,566.79,0.212132,,,,Poor ore,0,1,0.00,,,
2051,Line#165,127.265,131.098,1791.34,970.00,565.36,3.83252,,,,Rich ore,1,0,1.00,,,
2052,Line#165,131.098,140.05,1795.86,970.00,560.84,8.95197,,,,Poor ore,0,1,0.00,,,
2053,Line#166,0,15,1805.30,900.00,650.70,15,,,,,0,0,,,,
2054,Line#166,15,23.9002,1813.75,900.00,642.25,8.90021,,,,,0,0,,,,
2055,Line#166,23.9002,25.9508,1817.63,900.00,638.37,2.05061,,,,Rich ore,1,0,1.00,,,
2056,Line#166,25.9508,31.1551,1820.19,900.00,635.81,5.20431,,,,,0,0,,,,
2057,Line#166,31.1551,34.1957,1823.10,900.00,632.90,3.04056,,,,Rich ore,1,0,1.00,,,
2058,Line#166,34.1957,36.6988,1825.06,900.00,630.94,2.50316,,,,,0,0,,,,
2059,Line#166,36.6988,47.8428,1829.89,900.00,626.11,11.144,0.99,64.91,-0.74,Rich ore,1,0,1.00,3.44,0.01,0.72
2060,Line#166,47.8428,61.6031,1838.70,900.00,617.30,13.7603,,,,,0,0,,,,
2061,Line#166,61.6031,62.5507,1843.90,900.00,612.10,0.947523,,,,Rich ore,1,0,1.00,,,
2062,Line#166,62.5507,63.8517,1844.69,900.00,611.31,1.30108,,,,,0,0,,,,
2063,Line#166,63.8517,78.8517,1850.45,900.00,605.55,15,1.44,67.11,0.24,Rich ore,1,0,1.00,0.25,0.02,0.59
2064,Line#166,78.8517,91.6552,1860.28,900.00,595.72,12.8034,1.81,66.15,-0.27,Rich ore,1,0,1.00,0.23,0.03,0.71
2065,Line#166,91.6552,96.9019,1866.67,900.00,589.33,5.24673,,,,,0,0,,,,
2066,Line#167,0,15,1745.30,1570.00,717.40,15,,,,Rich ore,1,0,1.00,,,
2067,Line#167,15,29.55,1755.75,1570.00,706.95,14.55,0.45,68.76,2.13,Rich ore,1,0,1.00,0.04,0.03,0.35
2068,Line#167,29.55,37.9999,1763.89,1570.00,698.82,8.44993,0.63,68.56,,,0,0,,0.17,0.02,0.40
2069,Line#167,37.9999,55.9039,1773.21,1570.00,689.51,17.9039,0.53,66.24,-0.23,Rich ore,1,0,1.00,2.94,0.02,0.37
2070,Line#167,55.9039,71.2057,1784.95,1570.00,677.77,15.3018,,,,,0,0,,,,
2071,Line#167,71.2057,77.2444,1792.50,1570.00,670.23,6.03869,,,,Poor ore,0,1,0.00,,,
2072,Line#168,0,15,1753.76,953.76,651.21,15,,,,Rich ore,1,0,1.00,,,
2073,Line#168,15,37.4679,1763.16,963.16,638.01,22.4679,1.59,66.53,-0.08,Rich ore,1,0,1.00,0.18,0.02,0.36
2074,Line#168,37.4679,42.2679,1770.00,970.00,628.41,4.80006,,,,,0,0,,,,
2075,Line#168,42.2679,42.9473,1771.38,971.38,626.47,0.679412,,,,Rich ore,1,0,1.00,,,
2076,Line#168,42.9473,44.0006,1771.81,971.81,625.86,1.05328,,,,,0,0,,,,
2077,Line#168,44.0006,49.1233,1773.36,973.36,623.69,5.12268,,,,Rich ore,1,0,1.00,,,
2078,Line#168,49.1233,52.6128,1775.52,975.52,620.65,3.4895,,,,,0,0,,,,
2079,Line#168,52.6128,55.9546,1777.23,977.23,618.25,3.34183,,,,Rich ore,1,0,1.00,,,
2080,Line#168,55.9546,70.9546,1781.83,981.83,611.78,15,,,,,0,0,,,,
2081,Line#168,70.9546,85.9546,1789.36,989.36,601.21,15,,,,,0,0,,,,
2082,Line#168,85.9546,102.738,1797.33,997.33,590.01,16.7836,,,,,0,0,,,,
2083,Line#169,0,15,1873.62,3578.31,643.96,15,3.90,60.79,-1.54,Rich ore,1,0,1.00,0.03,0.15,0.48
2084,Line#169,15,30,1873.62,3578.31,628.96,15,1.21,65.86,-0.38,Rich ore,1,0,1.00,0.36,0.08,0.47
2085,Line#169,30,45,1873.62,3578.31,613.96,15,0.43,65.14,-0.64,Rich ore,1,0,1.00,0.28,0.02,0.94
2086,Line#169,45,60,1873.62,3578.31,598.96,15,0.95,64.77,-0.79,Rich ore,1,0,1.00,1.50,0.02,0.94
2087,Line#169,60,75,1873.62,3578.31,583.96,15,0.68,65.44,-0.52,Rich ore,1,0,1.00,1.34,0.02,0.90
2088,Line#169,75,91,1873.62,3578.31,568.46,16,1.56,63.88,-1.03,Rich ore,1,0,1.00,1.43,0.03,1.51
2089,Line#169,91,96.7,1873.62,3578.31,557.61,5.7,,,,Poor ore,0,1,0.00,,,
2090,Line#169,96.7,111.7,1873.62,3578.31,547.26,15,0.75,64.99,-0.73,Rich ore,1,0,1.00,0.00,0.01,1.35
2091,Line#169,111.7,126.7,1873.62,3578.31,532.26,15,1.40,62.95,-1.18,Rich ore,1,0,1.00,1.25,0.03,1.20
2092,Line#169,126.7,146.46,1873.62,3578.31,514.88,19.76,0.64,65.27,-0.59,Rich ore,1,0,1.00,0.27,0.01,2.34
2093,Line#169,146.46,151.1,1873.62,3578.31,502.68,4.64,,,,Poor ore,0,1,0.00,,,
2094,Line#170,0,15,1500.00,3570.00,627.02,15,2.43,63.17,-1.15,Rich ore,1,0,1.00,0.38,0.08,0.44
2095,Line#170,15,30,1500.00,3570.00,612.02,15,3.01,63.58,-1.07,Rich ore,1,0,1.00,0.06,0.09,0.46
2096,Line#170,30,45,1500.00,3570.00,597.02,15,1.92,61.94,-1.34,Rich ore,1,0,1.00,4.70,0.05,0.55
2097,Line#170,45,60,1500.00,3570.00,582.02,15,0.68,66.71,0.00,Rich ore,1,0,1.00,0.01,0.02,0.77
2098,Line#170,60,75,1500.00,3570.00,567.02,15,0.40,66.62,-0.03,Rich ore,1,0,1.00,0.01,0.03,1.06
2099,Line#170,75,90,1500.00,3570.00,552.02,15,0.30,67.12,0.24,Rich ore,1,0,1.00,0.00,0.00,1.15
2100,Line#170,90,105,1500.00,3570.00,537.02,15,0.57,65.41,-0.54,Rich ore,1,0,1.00,0.08,0.02,1.61
2101,Line#170,105,122.9,1500.00,3570.00,520.57,17.9,1.00,64.66,-0.84,Rich ore,1,0,1.00,0.29,0.02,2.53
2102,Line#170,122.9,137.9,1500.00,3570.00,504.12,15,,,,Poor ore,0,1,0.00,,,
2103,Line#170,137.9,152.9,1500.00,3570.00,489.12,15,,,,Poor ore,0,1,0.00,,,
2104,Line#170,152.9,167.9,1500.00,3570.00,474.12,15,,,,Poor ore,0,1,0.00,,,
2105,Line#170,167.9,178.17,1500.00,3570.00,461.49,10.27,,,,Poor ore,0,1,0.00,,,
2106,Line#171,0,7.85,1760.00,3740.00,571.63,7.85,,,,,0,0,,,,
2107,Line#171,7.85,10.55,1760.00,3740.00,566.35,2.7,,,,Rich ore,1,0,1.00,,,
2108,Line#171,10.55,25.55,1760.00,3740.00,557.50,15,,,,Poor ore,0,1,0.00,,,
2109,Line#171,25.55,34.9,1760.00,3740.00,545.32,9.35,,,,Poor ore,0,1,0.00,,,
2110,Line#172,0,15,2150.00,3570.00,656.45,15,17.99,37.29,,Poor ore,0,1,0.00,0.86,0.20,0.52
2111,Line#172,15,28.75,2150.00,3570.00,642.08,13.75,19.15,32.89,,Poor ore,0,1,0.00,6.45,0.20,0.67
2112,Line#172,28.75,30.15,2150.00,3570.00,634.50,1.4,,,,Rich ore,1,0,1.00,,,
2113,Line#172,30.15,45.15,2150.00,3570.00,626.30,15,19.43,32.12,,Poor ore,0,1,0.00,3.04,0.18,1.02
2114,Line#172,45.15,60.15,2150.00,3570.00,611.30,15,,,,Poor ore,0,1,0.00,,,
2115,Line#172,60.15,75.15,2150.00,3570.00,596.30,15,,,,Poor ore,0,1,0.00,,,
2116,Line#172,75.15,90.15,2150.00,3570.00,581.30,15,,,,Poor ore,0,1,0.00,,,
2117,Line#172,90.15,105.15,2150.00,3570.00,566.30,15,,,,Poor ore,0,1,0.00,,,
2118,Line#172,105.15,120.5,2150.00,3570.00,551.13,15.35,,,,Poor ore,0,1,0.00,,,
2119,Line#173,0,14.55,1600.00,3370.00,656.01,14.55,2.35,63.56,-1.07,Rich ore,1,0,1.00,0.03,0.06,0.51
2120,Line#173,14.55,29.55,1600.00,3370.00,641.24,15,14.81,44.99,,Poor ore,0,1,0.00,0.05,0.18,0.57
2121,Line#173,29.55,38.5,1600.00,3370.00,629.26,8.95,21.56,33.82,,Poor ore,0,1,0.00,0.01,0.13,0.80
2122,Line#173,38.5,59.3,1600.00,3370.00,614.39,20.8,,,,,0,0,,,,
2123,Line#173,59.3,64.35,1600.00,3370.00,601.46,5.05,,,,Rich ore,1,0,1.00,,,
2124,Line#173,64.35,79.35,1600.00,3370.00,591.44,15,,,,Poor ore,0,1,0.00,,,
2125,Line#173,79.35,94.35,1600.00,3370.00,576.44,15,,,,Poor ore,0,1,0.00,,,
2126,Line#173,94.35,109.35,1600.00,3370.00,561.44,15,,,,Poor ore,0,1,0.00,,,
2127,Line#173,109.35,123.45,1600.00,3370.00,546.89,14.1,,,,Poor ore,0,1,0.00,,,
2128,Line#174,0,15,1300.00,3570.00,583.45,15,12.91,45.39,,Poor ore,0,1,0.00,1.62,0.06,0.57
2129,Line#174,15,31,1300.00,3570.00,567.95,16,15.22,34.15,,Poor ore,0,1,0.00,0.03,0.04,0.69
2130,Line#174,31,46,1300.00,3570.00,552.45,15,3.22,62.01,-1.34,Rich ore,1,0,1.00,0.31,0.05,1.01
2131,Line#174,46,61,1300.00,3570.00,537.45,15,2.48,61.67,-1.42,Rich ore,1,0,1.00,1.69,0.05,1.25
2132,Line#174,61,76,1300.00,3570.00,522.45,15,1.64,59.52,-1.68,Rich ore,1,0,1.00,2.48,0.07,4.33
2133,Line#174,76,85.95,1300.00,3570.00,509.98,9.95,0.83,59.23,-1.70,Rich ore,1,0,1.00,1.04,0.06,6.45
2134,Line#174,85.95,100.95,1300.00,3570.00,497.50,15,0.93,48.56,,Poor ore,0,1,0.00,0.36,0.01,24.58
2135,Line#174,100.95,116.16,1300.00,3570.00,482.40,15.21,,,,Poor ore,0,1,0.00,,,
2136,Line#174,116.16,135.95,1300.00,3570.00,464.90,19.79,1.36,54.30,-2.20,Rich ore,1,0,1.00,1.42,0.03,12.82
2137,Line#174,135.95,153.75,1300.00,3570.00,446.10,17.8,,,,Poor ore,0,1,0.00,,,
2138,Line#175,0,5,1730.00,3578.00,570.70,5,,,,Rich ore,1,0,1.00,,,
2139,Line#175,5,20,1730.00,3578.00,560.70,15,18.52,33.34,,Poor ore,0,1,0.00,1.34,0.07,1.44
2140,Line#175,20,35,1730.00,3578.00,545.70,15,,,,Poor ore,0,1,0.00,,,
2141,Line#175,35,50,1730.00,3578.00,530.70,15,,,,Poor ore,0,1,0.00,,,
2142,Line#175,50,64.7,1730.00,3578.00,515.85,14.7,,,,Poor ore,0,1,0.00,,,
2143,Line#175,64.7,79.7,1730.00,3578.00,501.00,15,1.34,62.19,-1.30,Rich ore,1,0,1.00,0.91,0.01,3.73
2144,Line#175,79.7,94.7,1730.00,3578.00,486.00,15,1.07,62.41,-1.27,Rich ore,1,0,1.00,1.29,0.01,3.52
2145,Line#175,94.7,103.2,1730.00,3578.00,474.25,8.5,0.82,59.88,-1.61,Rich ore,1,0,1.00,2.71,0.01,5.30
2146,Line#175,103.2,109.8,1730.00,3578.00,466.70,6.6,,,,Poor ore,0,1,0.00,,,
2147,Line#176,0,15,2000.00,3370.00,682.26,15,0.93,66.84,0.09,Rich ore,1,0,1.00,0.00,0.11,0.53
2148,Line#176,15,28.67,2000.00,3370.00,667.92,13.67,0.76,67.78,0.75,Rich ore,1,0,1.00,0.36,0.02,0.62
2149,Line#176,28.67,31.1,2000.00,3370.00,659.88,2.43,,,,Poor ore,0,1,0.00,,,
2150,Line#176,31.1,46.1,2000.00,3370.00,651.16,15,0.47,68.27,1.33,Rich ore,1,0,1.00,0.09,0.01,0.82
2151,Line#176,46.1,61.1,2000.00,3370.00,636.16,15,0.76,67.20,0.29,Rich ore,1,0,1.00,0.00,0.02,1.37
2152,Line#176,61.1,77.3,2000.00,3370.00,620.56,16.2,0.41,65.68,-0.45,Rich ore,1,0,1.00,0.00,0.00,4.44
2153,Line#176,77.3,87.85,2000.00,3370.00,607.19,10.55,,,,Poor ore,0,1,0.00,,,
2154,Line#176,87.85,102.1,2000.00,3370.00,594.79,14.25,0.57,66.39,-0.17,Rich ore,1,0,1.00,0.00,0.00,3.48
2155,Line#176,102.1,108.55,2000.00,3370.00,584.44,6.45,,,,Poor ore,0,1,0.00,,,
2156,Line#177,0,15,2181.00,3770.00,625.65,15,4.14,62.12,-1.31,Rich ore,1,0,1.00,0.71,0.05,0.62
2157,Line#177,15,30,2181.00,3770.00,610.65,15,0.93,67.00,0.17,Rich ore,1,0,1.00,0.36,0.04,0.91
2158,Line#177,30,47.29,2181.00,3770.00,594.50,17.29,1.05,67.38,0.42,Rich ore,1,0,1.00,0.09,0.03,0.91
2159,Line#177,47.29,48.95,2181.00,3770.00,585.03,1.66,,,,Poor ore,0,1,0.00,,,
2160,Line#177,48.95,51.75,2181.00,3770.00,582.80,2.8,,,,Rich ore,1,0,1.00,,,
2161,Line#177,51.75,66.75,2181.00,3770.00,573.90,15,,,,Poor ore,0,1,0.00,,,
2162,Line#177,66.75,81.75,2181.00,3770.00,558.90,15,,,,Poor ore,0,1,0.00,,,
2163,Line#177,81.75,96.75,2181.00,3770.00,543.90,15,,,,Poor ore,0,1,0.00,,,
2164,Line#177,96.75,111.75,2181.00,3770.00,528.90,15,,,,Poor ore,0,1,0.00,,,
2165,Line#177,111.75,126.75,2181.00,3770.00,513.90,15,,,,Poor ore,0,1,0.00,,,
2166,Line#177,126.75,141.75,2181.00,3770.00,498.90,15,,,,Poor ore,0,1,0.00,,,
2167,Line#177,141.75,156.75,2181.00,3770.00,483.90,15,,,,Poor ore,0,1,0.00,,,
2168,Line#177,156.75,168.1,2181.00,3770.00,470.72,11.35,,,,Poor ore,0,1,0.00,,,
2169,Line#178,0,15,1200.00,3770.00,582.04,15,6.56,41.63,,Poor ore,0,1,0.00,5.15,0.06,14.04
2170,Line#178,15,30,1200.00,3770.00,567.04,15,,,,Poor ore,0,1,0.00,,,
2171,Line#178,30,45,1200.00,3770.00,552.04,15,,,,Poor ore,0,1,0.00,,,
2172,Line#178,45,60,1200.00,3770.00,537.04,15,,,,Poor ore,0,1,0.00,,,
2173,Line#178,60,75,1200.00,3770.00,522.04,15,,,,Poor ore,0,1,0.00,,,
2174,Line#178,75,90,1200.00,3770.00,507.04,15,,,,Poor ore,0,1,0.00,,,
2175,Line#178,90,105,1200.00,3770.00,492.04,15,,,,Poor ore,0,1,0.00,,,
2176,Line#178,105,120,1200.00,3770.00,477.04,15,,,,Poor ore,0,1,0.00,,,
2177,Line#178,120,140.5,1200.00,3770.00,459.29,20.5,,,,Poor ore,0,1,0.00,,,
2178,Line#179,0,7.6,1879.00,3740.00,578.80,7.6,3.43,62.19,,,0,0,,0.56,0.11,1.30
2179,Line#179,7.6,15,1879.00,3740.00,571.30,7.4,,,,Rich ore,1,0,1.00,,,
2180,Line#179,15,27.6,1879.00,3740.00,561.30,12.6,,,,Poor ore,0,1,0.00,,,
2181,Line#179,27.6,32.6,1879.00,3740.00,552.50,5,,,,Rich ore,1,0,1.00,,,
2182,Line#179,32.6,37.6,1879.00,3740.00,547.50,5,,,,Poor ore,0,1,0.00,,,
2183,Line#179,37.6,52.6,1879.00,3740.00,537.50,15,5.48,61.15,-1.49,Rich ore,1,0,1.00,0.61,0.04,0.96
2184,Line#179,52.6,67.6,1879.00,3740.00,522.50,15,0.84,62.47,-1.26,Rich ore,1,0,1.00,3.55,0.03,0.91
2185,Line#179,67.6,82.6,1879.00,3740.00,507.50,15,0.69,55.79,-1.98,Rich ore,1,0,1.00,11.65,0.02,1.31
2186,Line#179,82.6,92.55,1879.00,3740.00,495.03,9.95,0.52,63.99,-1.00,Rich ore,1,0,1.00,0.15,0.00,5.03
2187,Line#179,92.55,96.5,1879.00,3740.00,488.08,3.95,,,,Poor ore,0,1,0.00,,,
2188,Line#180,0,17.8,1600.00,3734.00,565.60,17.8,,,,,0,0,,,,
2189,Line#180,17.8,37.93,1600.00,3734.00,546.63,20.13,1.27,61.80,-1.38,Rich ore,1,0,1.00,2.39,0.03,3.09
2190,Line#180,37.93,50.85,1600.00,3734.00,530.11,12.92,,,,Poor ore,0,1,0.00,,,
2191,Line#181,0,8.25,1650.00,3170.00,675.60,8.25,3.31,60.75,,Poor ore,0,1,0.00,0.00,0.19,0.66
2192,Line#181,8.25,23.25,1650.00,3170.00,663.97,15,1.19,66.99,0.16,Rich ore,1,0,1.00,0.12,0.02,0.74
2193,Line#181,23.25,43.28,1650.00,3170.00,646.46,20.03,1.78,66.46,-0.14,Rich ore,1,0,1.00,0.06,0.01,0.70
2194,Line#181,43.28,58.28,1650.00,3170.00,628.94,15,,,,Poor ore,0,1,0.00,,,
2195,Line#181,58.28,73.28,1650.00,3170.00,613.94,15,,,,Poor ore,0,1,0.00,,,
2196,Line#181,73.28,93.55,1650.00,3170.00,596.31,20.27,,,,Poor ore,0,1,0.00,,,
2197,Line#182,0,1.64,2146.00,2970.00,695.82,1.64,,,,Poor ore,0,1,0.00,,,
2198,Line#182,1.64,19.59,2146.00,2970.00,686.02,17.95,1.21,65.14,-0.64,Rich ore,1,0,1.00,0.00,0.20,0.61
2199,Line#182,19.59,23.87,2146.00,2970.00,674.91,4.28,,,,Poor ore,0,1,0.00,,,
2200,Line#182,23.87,38.87,2146.00,2970.00,665.27,15,0.59,65.88,-0.36,Rich ore,1,0,1.00,0.57,0.06,1.20
2201,Line#182,38.87,52.53,2146.00,2970.00,650.94,13.66,0.64,65.28,-0.57,Rich ore,1,0,1.00,0.69,0.02,2.25
2202,Line#182,52.53,56.25,2146.00,2970.00,642.25,3.72,,,,Poor ore,0,1,0.00,,,
2203,Line#183,0,15,1494.00,3370.00,640.54,15,3.39,61.08,-1.51,Rich ore,1,0,1.00,0.07,0.13,0.56
2204,Line#183,15,30,1494.00,3370.00,625.54,15,3.07,61.91,-1.36,Rich ore,1,0,1.00,0.83,0.09,1.07
2205,Line#183,30,41.65,1494.00,3370.00,612.21,11.65,1.83,64.32,-0.94,Rich ore,1,0,1.00,1.37,0.05,1.15
2206,Line#183,41.65,49.65,1494.00,3370.00,602.39,8,,,,Poor ore,0,1,0.00,,,
2207,Line#183,49.65,51.04,1494.00,3370.00,597.69,1.39,,,,Rich ore,1,0,1.00,,,
2208,Line#183,51.04,67.75,1494.00,3370.00,588.64,16.71,,,,Poor ore,0,1,0.00,,,
2209,Line#183,67.75,84.4,1494.00,3370.00,571.97,16.65,2.73,63.15,-1.15,Rich ore,1,0,1.00,0.05,0.04,1.88
2210,Line#183,84.4,99.4,1494.00,3370.00,556.14,15,,,,Poor ore,0,1,0.00,,,
2211,Line#183,99.4,114.4,1494.00,3370.00,541.14,15,,,,Poor ore,0,1,0.00,,,
2212,Line#183,114.4,127.4,1494.00,3370.00,527.14,13,,,,Poor ore,0,1,0.00,,,
2213,Line#184,0,15,1370.00,2970.00,622.43,15,12.53,46.26,,Poor ore,0,1,0.00,0.11,0.21,0.54
2214,Line#184,15,26.93,1370.00,2970.00,608.96,11.93,20.10,33.40,,Poor ore,0,1,0.00,0.53,0.22,0.59
2215,Line#184,26.93,41.93,1370.00,2970.00,595.50,15,2.77,64.39,-0.91,Rich ore,1,0,1.00,0.11,0.07,1.09
2216,Line#184,41.93,56.93,1370.00,2970.00,580.50,15,1.05,66.68,-0.01,Rich ore,1,0,1.00,0.14,0.03,1.07
2217,Line#184,56.93,71.93,1370.00,2970.00,565.50,15,1.31,66.09,-0.28,Rich ore,1,0,1.00,0.03,0.03,1.37
2218,Line#184,71.93,86.93,1370.00,2970.00,550.50,15,1.09,66.49,-0.12,Rich ore,1,0,1.00,0.01,0.03,1.34
2219,Line#184,86.93,101.93,1370.00,2970.00,535.50,15,0.87,66.36,-0.19,Rich ore,1,0,1.00,0.00,0.03,1.63
2220,Line#184,101.93,119.1,1370.00,2970.00,519.41,17.17,0.97,66.46,-0.13,Rich ore,1,0,1.00,0.05,0.03,1.70
2221,Line#184,119.1,119.65,1370.00,2970.00,510.55,0.55,,,,Poor ore,0,1,0.00,,,
2222,Line#184,119.65,127.15,1370.00,2970.00,506.53,7.5,0.97,66.47,-0.12,Rich ore,1,0,1.00,0.02,0.02,1.89
2223,Line#184,127.15,142.15,1370.00,2970.00,495.28,15,,,,Poor ore,0,1,0.00,,,
2224,Line#184,142.15,154.4,1370.00,2970.00,481.65,12.25,,,,Poor ore,0,1,0.00,,,
2225,Line#185,0,2.6,1440.00,3170.00,646.08,2.6,,,,Rich ore,1,0,1.00,,,
2226,Line#185,2.6,8.26,1440.00,3170.00,641.95,5.66,,,,Poor ore,0,1,0.00,,,
2227,Line#185,8.26,23.26,1440.00,3170.00,631.62,15,1.14,66.63,-0.03,Rich ore,1,0,1.00,0.23,0.03,1.06
2228,Line#185,23.26,38.26,1440.00,3170.00,616.62,15,0.41,67.53,0.54,Rich ore,1,0,1.00,0.00,0.03,1.39
2229,Line#185,38.26,50.14,1440.00,3170.00,603.18,11.88,0.36,67.37,0.41,Rich ore,1,0,1.00,0.00,0.08,1.74
2230,Line#185,50.14,57.89,1440.00,3170.00,593.37,7.75,,,,Poor ore,0,1,0.00,,,
2231,Line#185,57.89,72.89,1440.00,3170.00,581.99,15,0.59,67.97,0.98,Rich ore,1,0,1.00,0.00,0.01,0.97
2232,Line#185,72.89,85.95,1440.00,3170.00,567.96,13.06,0.94,67.84,0.82,Rich ore,1,0,1.00,0.00,0.03,0.65
2233,Line#185,85.95,100.95,1440.00,3170.00,553.93,15,,,,Poor ore,0,1,0.00,,,
2234,Line#185,100.95,114.9,1440.00,3170.00,539.46,13.95,,,,Poor ore,0,1,0.00,,,
2235,Line#186,0,7.7,700.00,2570.00,613.86,7.7,1.59,64.89,-0.75,Rich ore,1,0,1.00,0.09,0.19,0.94
2236,Line#186,7.7,22.7,700.00,2570.00,602.51,15,,,,Poor ore,0,1,0.00,,,
2237,Line#186,22.7,37.7,700.00,2570.00,587.51,15,,,,Poor ore,0,1,0.00,,,
2238,Line#186,37.7,52.7,700.00,2570.00,572.51,15,,,,Poor ore,0,1,0.00,,,
2239,Line#186,52.7,67.7,700.00,2570.00,557.51,15,,,,Poor ore,0,1,0.00,,,
2240,Line#186,67.7,80.1,700.00,2570.00,543.81,12.4,,,,Poor ore,0,1,0.00,,,
2241,Line#187,0,10.06,1503.00,2592.00,677.34,10.06,8.93,55.35,,Poor ore,0,1,0.00,0.01,0.08,0.89
2242,Line#187,10.06,25.06,1503.00,2592.00,664.81,15,1.32,65.27,-0.58,Rich ore,1,0,1.00,0.00,0.05,1.09
2243,Line#187,25.06,46.95,1503.00,2592.00,646.37,21.89,1.09,64.83,-0.77,Rich ore,1,0,1.00,0.00,0.05,1.33
2244,Line#187,46.95,61.95,1503.00,2592.00,627.92,15,,,,Poor ore,0,1,0.00,,,
2245,Line#187,61.95,76.95,1503.00,2592.00,612.92,15,,,,Poor ore,0,1,0.00,,,
2246,Line#187,76.95,91.95,1503.00,2592.00,597.92,15,,,,Poor ore,0,1,0.00,,,
2247,Line#187,91.95,106.95,1503.00,2592.00,582.92,15,,,,Poor ore,0,1,0.00,,,
2248,Line#187,106.95,121.95,1503.00,2592.00,567.92,15,,,,Poor ore,0,1,0.00,,,
2249,Line#187,121.95,135.6,1503.00,2592.00,553.60,13.65,,,,Poor ore,0,1,0.00,,,
2250,Line#188,0,2,1408.73,3373.82,590.38,2,,,,Poor ore,0,1,0.00,,,
2251,Line#188,2,10.37,1408.73,3373.82,585.20,8.37,1.98,58.36,-1.83,Rich ore,1,0,1.00,2.59,0.11,1.56
2252,Line#188,10.37,15,1408.73,3373.82,578.70,4.63,,,,Poor ore,0,1,0.00,,,
2253,Line#188,15,17.9,1408.73,3373.82,574.93,2.9,,,,Rich ore,1,0,1.00,,,
2254,Line#188,17.9,32.9,1408.73,3373.82,565.98,15,,,,Poor ore,0,1,0.00,,,
2255,Line#188,32.9,46.5,1408.73,3373.82,551.68,13.6,,,,Poor ore,0,1,0.00,,,
